chr_id,chr_pos,ref_nt,alt_nt,aa_change,doid_name,uniprotkb_canonical_ac
1,8073509,C,A,E384*,DOID:4606 / bile duct cancer,
1,11177096,C,A,M2327I,DOID:1612 / breast cancer,
1,11177096,C,A,M2327I,DOID:1612 / breast cancer,
1,11184573,G,T,S2215Y,DOID:363 / uterine cancer,
1,11184580,G,A,P2213S,DOID:4159 / skin cancer,
1,11187094,G,T,F2108L,DOID:1781 / thyroid gland cancer,
1,11187094,G,T,F2108L,DOID:1612 / breast cancer,
1,11187796,G,A,A2034V,DOID:1612 / breast cancer,
1,11187796,G,A,A2034V,DOID:1612 / breast cancer,
1,11188519,G,A,H1968Y,DOID:4159 / skin cancer,
1,11190804,C,T,E1799K,DOID:263 / kidney cancer,
1,11217230,C,T,C1483Y,NA,
1,11856378,G,A,A222V,DOID:10534 / stomach cancer,
1,11856378,G,A,A222V,DOID:1793 / pancreatic cancer,
1,11856378,G,A,A222V,DOID:9256 / colorectal cancer,
1,17350521,G,GGCAGCTGGTGCT,p.193_196dupSTSC_(c.577_588dupAGCACCAGCTGC),DOID:3953 / adrenal gland cancer,
1,27057658,C,T,Q456*,DOID:2394 / ovarian cancer,
1,36933434,G,A,T618I,DOID:2531 / hematologic cancer,
1,36933434,G,A,T618I,DOID:2531 / hematologic cancer,
1,65311203,C,A,S703I,DOID:3571 / liver cancer,
1,65321333,G,A,Q503*,DOID:4159 / skin cancer,
1,68152388,T,C,rs681673,DOID:2394 / ovarian cancer,
1,97915614,C,T,DPYD*2A_HOMOZYGOSITY,NA,
1,97981343,A,C,DPYD*13_HOMOZYGOSITY,NA,
1,115256528,T,G,Q61H,DOID:9256 / colorectal cancer,
1,115256529,T,A,Q61L,DOID:4159 / skin cancer,
1,115256529,T,A,Q61L,DOID:9256 / colorectal cancer,
1,115256529,T,C,Q61R,DOID:4159 / skin cancer,
1,115256529,T,C,Q61R,DOID:9256 / colorectal cancer,
1,115256530,G,T,Q61K,NA,
1,115256530,G,T,Q61K,DOID:4159 / skin cancer,
1,115256530,G,T,Q61K,DOID:1324 / lung cancer,
1,115256530,G,T,Q61K,DOID:9256 / colorectal cancer,
1,115256530,G,T,Q61K,DOID:4159 / skin cancer,
1,115256530,G,T,Q61K,DOID:9256 / colorectal cancer,
1,115256530,G,T,Q61K,DOID:2394 / ovarian cancer,
1,115258744,C,T,G13D,DOID:4159 / skin cancer,
1,115258745,C,G,G13R,DOID:9256 / colorectal cancer,
1,115258745,C,G,G13R,DOID:9256 / colorectal cancer,
1,115258747,C,T,G12D,DOID:9256 / colorectal cancer,
1,115258747,C,T,G12D,DOID:9256 / colorectal cancer,
1,115258748,C,A,G12C,DOID:9256 / colorectal cancer,
1,161479745,A,G,H167R,DOID:1612 / breast cancer,
1,161479745,A,G,H167R,DOID:1612 / breast cancer,
1,161514542,A,C,F212V,DOID:1612 / breast cancer,
1,161514542,A,C,F212V,DOID:1612 / breast cancer,
1,161643798,T,C,I232T,DOID:1612 / breast cancer,
1,162724415,C,G,L63V,DOID:1324 / lung cancer,
1,162729630,T,G,L239R,DOID:1324 / lung cancer,
1,162729671,G,T,G253C,DOID:1324 / lung cancer,
1,162741822,G,A,G505S,DOID:1324 / lung cancer,
1,162745497,A,T,I638F,DOID:1324 / lung cancer,
1,162748390,T,A,S768R,DOID:1324 / lung cancer,
1,162748407,G,T,G774V,DOID:1324 / lung cancer,
1,243859016,C,T,E17K,DOID:4159 / skin cancer,
2,29432664,C,T,R1275Q,NA,
2,29432664,C,T,R1275Q,NA,
2,29432664,C,T,R1275Q,NA,
2,29432664,C,T,R1275Q,NA,
2,29432664,C,T,R1275Q,NA,
2,29432664,C,T,R1275Q,NA,
2,29432682,C,G,EML4-ALK_G1269A,DOID:1324 / lung cancer,
2,29432682,C,G,EML4-ALK_G1269A,DOID:1324 / lung cancer,
2,29432682,C,G,ALK_Fusion_G1269A,NA,
2,29432682,C,G,ALK_Fusion_G1269A,NA,
2,29432682,C,G,ALK_Fusion_G1269A,NA,
2,29432682,C,G,ALK_Fusion_G1269A,DOID:1324 / lung cancer,
2,29436859,A,C,F1245C,NA,
2,29436859,A,C,F1245C,NA,
2,29436859,A,C,ALK_Fusion_F1245C,NA,
2,29436859,A,C,ALK_Fusion_F1245C,DOID:1324 / lung cancer,
2,29436859,A,C,ALK_Fusion_F1245C,DOID:1324 / lung cancer,
2,29436860,A,C,F1245V,NA,
2,29443600,G,T,EML4-ALK_S1206Y,DOID:1324 / lung cancer,
2,29443600,G,T,EML4-ALK_S1206Y,NA,
2,29443613,C,T,ALK_Fusion_G1202R,DOID:1324 / lung cancer,
2,29443613,C,T,ALK_Fusion_G1202R,DOID:1324 / lung cancer,
2,29443613,C,T,ALK_Fusion_G1202R,NA,
2,29443613,C,T,ALK_Fusion_G1202R,DOID:1324 / lung cancer,
2,29443613,C,T,ALK_Fusion_G1202R,NA,
2,29443613,C,T,ALK_Fusion_G1202R,DOID:1324 / lung cancer,
2,29443631,G,T,EML4-ALK_L1196M,DOID:1324 / lung cancer,
2,29443631,G,T,EML4-ALK_L1196M,DOID:1324 / lung cancer,
2,29443631,G,T,EML4-ALK_L1196M,DOID:1324 / lung cancer,
2,29443631,G,T,EML4-ALK_L1196M,DOID:1324 / lung cancer,
2,29443679,C,G,EML4-ALK__V1180L,DOID:1324 / lung cancer,
2,29443679,C,G,EML4-ALK__V1180L,DOID:1324 / lung cancer,
2,29443679,C,G,EML4-ALK__V1180L,DOID:1324 / lung cancer,
2,29443679,C,G,EML4-ALK__V1180L,DOID:1324 / lung cancer,
2,29443679,C,G,EML4-ALK__V1180L,DOID:1324 / lung cancer,
2,29443695,G,T,F1174L,NA,
2,29443695,G,T,F1174L,NA,
2,29443695,G,T,F1174L,DOID:1324 / lung cancer,
2,29443695,G,T,F1174L,NA,
2,29443695,G,T,F1174L,NA,
2,29443695,G,T,F1174L,NA,
2,29443695,G,T,F1174L,NA,
2,29443695,G,T,F1174L,NA,
2,29443695,G,T,F1174L,NA,
2,29445213,A,G,ALK_Fusion_I1171,DOID:1324 / lung cancer,
2,29445213,A,G,ALK_Fusion_I1171,DOID:1324 / lung cancer,
2,29445213,A,G,ALK_Fusion_I1171,DOID:1324 / lung cancer,
2,29445213,A,G,ALK_Fusion_I1171,DOID:1324 / lung cancer,
2,29445213,A,G,ALK_Fusion_I1171,DOID:1324 / lung cancer,
2,29445213,A,G,ALK_Fusion_I1171,DOID:1324 / lung cancer,
2,29445213,A,G,ALK_Fusion_I1171,DOID:1324 / lung cancer,
2,29445213,A,C,EML4-ALK_I1171S,DOID:1324 / lung cancer,
2,29445213,A,T,HIP1-ALK_I1171N,DOID:1324 / lung cancer,
2,29445258,C,T,EML4-ALK_C1156Y,DOID:1324 / lung cancer,
2,29445258,C,T,EML4-ALK_C1156Y,DOID:1324 / lung cancer,
2,29445258,C,T,EML4-ALK_C1156Y,DOID:1324 / lung cancer,
2,29445258,C,T,EML4-ALK_C1156Y,DOID:1324 / lung cancer,
2,29445270,A,C,EML4-ALK_L1152R,DOID:1324 / lung cancer,
2,29445271,G,GCGT,EML4-ALK_T1151INST,DOID:1324 / lung cancer,
2,29445271,G,GCGT,EML4-ALK_T1151INST,DOID:1324 / lung cancer,
2,29445271,G,GCGT,EML4-ALK_T1151INST,DOID:1324 / lung cancer,
2,29445271,G,GCGT,EML4-ALK_T1151INST,DOID:1324 / lung cancer,
2,47630413,A,AG,E28FS,DOID:9256 / colorectal cancer,
2,47637380,A,T,K172*,DOID:9256 / colorectal cancer,
2,47641432,GT,G,V273FS,DOID:9256 / colorectal cancer,
2,47656951,C,T,R383*,DOID:363 / uterine cancer,
2,47690231,A,G,E483G,DOID:363 / uterine cancer,
2,48018217,C,A,P138T,DOID:9256 / colorectal cancer,
2,48026176,G,A,V352I,DOID:363 / uterine cancer,
2,48027793,ATC,A,I891FS,DOID:9256 / colorectal cancer,
2,48033420,C,T,R1242C,DOID:9256 / colorectal cancer,
2,48033421,G,A,R1242H,DOID:9256 / colorectal cancer,
2,158622516,C,A,G328V,NA,
2,158622516,C,A,G328V,NA,
2,158622516,C,A,G328V,NA,
2,158622516,C,A,G328V,NA,
2,158622517,C,A,G328W,NA,
2,198266834,T,C,K700E,DOID:2531 / hematologic cancer,
2,198266834,T,C,K700E,DOID:1612 / breast cancer,
2,198267359,C,A,K666N,DOID:1612 / breast cancer,
2,202149589,G,C,D302H,NA,
2,209113112,C,T,R132H,DOID:3070 / malignant glioma,
2,209113112,C,T,R132H,DOID:1793 / pancreatic cancer,
2,209113113,G,A,R132C,NA,
2,209113113,G,A,R132C,DOID:2531 / hematologic cancer,
2,209113113,G,A,R132C,DOID:2531 / hematologic cancer,
2,209113113,G,A,R132C,DOID:2531 / hematologic cancer,
2,209113113,G,A,R132C,DOID:2531 / hematologic cancer,
2,209113113,G,A,R132C,DOID:1319 / brain cancer,
2,209113113,G,A,R132C,DOID:2531 / hematologic cancer,
2,209113113,G,A,R132C,DOID:1319 / brain cancer,
2,234668881,T,TTATATATATATATA,UGT1A1*28,NA,
3,10183530,GAATGCCCCGGAGGGCGGAGAA,G,M1?_(c.1-1_20del21),NA,
3,10183531,AATGCCCCGGAGGGCGGA,A,M1FS_(c.1_17del17),DOID:263 / kidney cancer,
3,10183534,G,A,M1?_(c.3G>A),DOID:263 / kidney cancer,
3,10183550,A,G,N7D_(c.19A>G),DOID:263 / kidney cancer,
3,10183555,G,A,W8*_(c.24G>A),DOID:263 / kidney cancer,
3,10183605,C,T,P25L_(c.74C>T),NA,
3,10183667,G,T,E46*_(c.136G>T),NA,
3,10183685,G,A,E52K_(c.154G>A),NA,
3,10183690,GT,G,M54fs_(c.161dup),NA,
3,10183690,GT,G,M54fs_(c.161dup),NA,
3,10183692,TGGAGG,T,M54IFS_(c.162_166delGGAGG),DOID:263 / kidney cancer,
3,10183694,G,T,E55*_(c.163G>T),NA,
3,10183693,GG,G,E55RfsTer11_(c.163delG),NA,
3,10183693,GGA,G,E55FS_(c.163_164delGA),DOID:263 / kidney cancer,
3,10183695,A,AG,A56FS_(c.164_165insG),NA,
3,10183695,A,AA,A56fs_(c.164_165insA),NA,
3,10183696,G,A,E55E_(c.165G>A),NA,
3,10183696,G,GG,A56fs_(c.166dup),NA,
3,10183697,G,GA,A56fs_(c.166_167insA),NA,
3,10183704,G,GC,P59fs_(c.173_174insC),NA,
3,10183706,CC,C,P59fs_(c.176delC),NA,
3,10183709,CG,C,R60FS_(c.179delG),NA,
3,10183710,GG,G,V62fs_(c.180del),NA,
3,10183712,CCCGT,C,P61FS_(c.182_185delCCGT),NA,
3,10183722,G,C,R64P_(c.191G>C),NA,
3,10183724,T,C,S65P_(c.193T>C),NA,
3,10183724,T,G,S65A_(c.193T>G),NA,
3,10183725,C,G,S65W_(c.194C>G),NA,
3,10183725,C,G,S65W_(c.194C>G),NA,
3,10183725,C,G,S65W_(c.194C>G),NA,
3,10183725,C,G,S65W_(c.194C>G),NA,
3,10183725,C,G,S65W_(c.194C>G),NA,
3,10183725,C,G,S65W_(c.194C>G),NA,
3,10183725,C,G,S65W_(c.194C>G),NA,
3,10183725,C,G,S65W_(c.194C>G),NA,
3,10183725,C,G,S65W_(c.194C>G),NA,
3,10183725,C,G,S65W_(c.194C>G),NA,
3,10183725,C,G,S65W_(c.194C>G),NA,
3,10183725,C,G,S65W_(c.194C>G),NA,
3,10183725,C,G,S65W_(c.194C>G),NA,
3,10183725,C,G,S65W_(c.194C>G),NA,
3,10183725,C,G,S65W_(c.194C>G),NA,
3,10183725,C,A,S65*_(c.194C>A),NA,
3,10183725,C,A,S65*_(c.194C>A),NA,
3,10183724,TC,T,S65FS_(c.194delC),NA,
3,10183725,C,T,S65L_(c.194C>T),NA,
3,10183725,C,T,S65L_(c.194C>T),NA,
3,10183725,C,T,S65L_(c.194C>T),NA,
3,10183725,C,T,S65L_(c.194C>T),DOID:263 / kidney cancer,
3,10183725,C,T,S65L_(c.194C>T),NA,
3,10183725,C,T,S65L_(c.194C>T),NA,
3,10183725,C,T,S65L_(c.194C>T),NA,
3,10183725,C,T,S65L_(c.194C>T),NA,
3,10183725,C,T,S65L_(c.194C>T),NA,
3,10183725,C,T,S65L_(c.194C>T),NA,
3,10183725,C,T,S65L_(c.194C>T),NA,
3,10183725,C,T,S65L_(c.194C>T),NA,
3,10183725,C,T,S65L_(c.194C>T),DOID:263 / kidney cancer,
3,10183727,GTGAACTCGCGCGAGC,G,V66del_(c.197_220del),NA,
3,10183733,T,C,S68P_(c.202T>C),NA,
3,10183734,C,G,S68W_(c.203C>G),NA,
3,10183739,G,A,E70K_(c.208G>A),NA,
3,10183739,G,A,E70K_(c.208G>A),NA,
3,10183739,G,A,E70K_(c.208G>A),NA,
3,10183739,G,A,E70K_(c.208G>A),NA,
3,10183739,G,A,E70K_(c.208G>A),NA,
3,10183739,G,A,E70K_(c.208G>A),NA,
3,10183739,G,A,E70K_(c.208G>A),NA,
3,10183739,G,T,E70*_(c.208G>T),NA,
3,10183739,G,T,E70*_(c.208G>T),NA,
3,10183739,G,T,E70*_(c.208G>T),NA,
3,10183739,G,T,E70*_(c.208G>T),NA,
3,10183744,CT,C,S72fs_(c.214del),NA,
3,10183745,T,C,S72P_(c.214T>C),NA,
3,10183747,CC,C,Q73FS_(c.217delC),NA,
3,10183748,C,T,Q73*_(c.217C>T),NA,
3,10183748,C,T,Q73*_(c.217C>T),NA,
3,10183748,C,T,Q73*_(c.217C>T),NA,
3,10183752,T,G,V74G_(c.221T>G),NA,
3,10183752,T,G,V74G_(c.221T>G),NA,
3,10183752,T,G,V74G_(c.221T>G),NA,
3,10183754,A,AT,F76fs_(c.223_224insT),NA,
3,10183754,ATCT,A,F76del_(c.224_226delTCT),NA,
3,10183754,ATCT,A,F76del_(c.224_226delTCT),NA,
3,10183754,ATCT,A,F76del_(c.224_226delTCT),NA,
3,10183754,ATCT,A,F76del_(c.224_226delTCT),NA,
3,10183754,ATCT,A,F76del_(c.224_226delTCT),NA,
3,10183754,ATCT,A,F76del_(c.224_226delTCT),NA,
3,10183754,ATCT,A,F76del_(c.224_226delTCT),NA,
3,10183754,ATCT,A,F76del_(c.224_226delTCT),NA,
3,10183754,ATCT,A,F76del_(c.224_226delTCT),NA,
3,10183754,ATCT,A,F76del_(c.224_226delTCT),NA,
3,10183754,ATCT,A,F76del_(c.224_226delTCT),NA,
3,10183754,ATCT,A,F76del_(c.224_226delTCT),NA,
3,10183754,ATCT,A,F76del_(c.224_226delTCT),NA,
3,10183754,ATCT,A,F76del_(c.224_226delTCT),NA,
3,10183754,ATCT,A,F76del_(c.224_226delTCT),NA,
3,10183754,ATCT,A,F76del_(c.224_226delTCT),NA,
3,10183754,ATCT,A,F76del_(c.224_226delTCT),NA,
3,10183754,ATCT,A,F76del_(c.224_226delTCT),NA,
3,10183754,ATCT,A,F76del_(c.224_226delTCT),NA,
3,10183758,T,C,F76S_(c.227T>C),NA,
3,10183758,T,TC,C77fs_(c.228dup),NA,
3,10183758,T,TC,C77fs_(c.228dup),NA,
3,10183761,G,GTCT,C77_N78insL_(c.230_231insTCT),NA,
3,10183761,G,GTCT,C77_N78insL_(c.230_231insTCT),NA,
3,10183763,A,C,N78H_(c.232A>C),NA,
3,10183763,A,C,N78H_(c.232A>C),NA,
3,10183763,A,C,N78H_(c.232A>C),NA,
3,10183763,A,C,N78H_(c.232A>C),DOID:263 / kidney cancer,
3,10183764,A,C,N78T_(c.233A>C),NA,
3,10183764,A,G,N78S_(c.233A>G),NA,
3,10183764,A,G,N78S_(c.233A>G),NA,
3,10183764,A,G,N78S_(c.233A>G),NA,
3,10183764,A,G,N78S_(c.233A>G),NA,
3,10183764,A,G,N78S_(c.233A>G),NA,
3,10183764,A,G,N78S_(c.233A>G),NA,
3,10183764,A,G,N78S_(c.233A>G),NA,
3,10183764,A,G,N78S_(c.233A>G),NA,
3,10183764,A,G,N78S_(c.233A>G),NA,
3,10183764,A,G,N78S_(c.233A>G),NA,
3,10183764,A,T,N78I_(c.233A>T),NA,
3,10183767,G,C,R79P_(c.236G>C),NA,
3,10183769,A,C,S80R_(c.238A>C),NA,
3,10183769,A,C,S80R_(c.238A>C),NA,
3,10183769,A,C,S80R_(c.238A>C),NA,
3,10183769,AG,A,S80fs_(c.239del),NA,
3,10183770,G,T,S80I_(c.239G>T),NA,
3,10183770,G,T,S80I_(c.239G>T),NA,
3,10183770,G,A,S80N_(c.239G>A),NA,
3,10183770,G,A,S80N_(c.239G>A),NA,
3,10183770,G,A,S80N_(c.239G>A),NA,
3,10183770,G,A,S80N_(c.239G>A),DOID:263 / kidney cancer,
3,10183771,T,G,S80R_(c.240T>G),NA,
3,10183771,T,G,S80R_(c.240T>G),NA,
3,10183772,C,T,P81S_(c.241C>T),NA,
3,10183772,C,T,P81S_(c.241C>T),NA,
3,10183772,C,T,P81S_(c.241C>T),NA,
3,10183773,CGCGCGTCGT,C,R82_V84del_(c.243_251del),NA,
3,10183773,CGCGCGTCGT,C,R82_V84del_(c.243_251del),NA,
3,10183774,GCGCGTCGTG,G,R82_V84del_(c.244_252del),NA,
3,10183776,G,C,R82P_(c.245G>C),NA,
3,10183781,G,T,V84L_(c.250G>T),NA,
3,10183781,G,T,V84L_(c.250G>T),NA,
3,10183781,G,A,V84M_(c.250G>A),NA,
3,10183785,T,C,L85P_(c.254T>C),NA,
3,10183785,T,TC,P86fs_(c.254_255insC),NA,
3,10183787,C,T,P86S_(c.256C>T),NA,
3,10183787,C,T,P86S_(c.256C>T),NA,
3,10183787,C,T,P86S_(c.256C>T),NA,
3,10183787,C,T,P86S_(c.256C>T),NA,
3,10183787,C,T,P86S_(c.256C>T),NA,
3,10183787,C,T,P86S_(c.256C>T),NA,
3,10183787,C,G,P86A_(c.256C>G),NA,
3,10183788,C,T,P86L_(c.257C>T),NA,
3,10183788,C,T,P86L_(c.257C>T),NA,
3,10183788,C,T,P86L_(c.257C>T),NA,
3,10183788,C,G,P86R_(c.257C>G),NA,
3,10183788,C,G,P86R_(c.257C>G),NA,
3,10183790,G,GA,V87fs_(c.259_260insA),NA,
3,10183791,T,TA,W88fs_(c.261dup),NA,
3,10183793,T,A,W88R_(c.262T>A),NA,
3,10183793,T,A,W88R_(c.262T>A),NA,
3,10183793,T,C,W88R_(c.262T>C),NA,
3,10183794,G,A,W88*_(c.263G>A),NA,
3,10183794,G,C,W88S_(c.263G>C),NA,
3,10183794,G,C,W88S_(c.263G>C),NA,
3,10183793,TGGC,TTT,W88FS_(c.263_265delGGCinsTT),NA,
3,10183795,G,A,W88*_(c.264G>A),NA,
3,10183797,T,C,L89P_(c.266T>C),NA,
3,10183797,T,C,L89P_(c.266T>C),NA,
3,10183797,T,C,L89P_(c.266T>C),NA,
3,10183797,T,C,L89P_(c.266T>C),NA,
3,10183797,T,C,L89P_(c.266T>C),NA,
3,10183804,C,G,F91L_(c.273C>G),NA,
3,10183806,A,G,D92G_(c.275A>G),NA,
3,10183805,GACGGCGAGCCGCAGCCC,G,G93_Y98del_(c.275_292del),NA,
3,10183808,G,C,G93R_(c.277G>C),NA,
3,10183808,G,C,G93R_(c.277G>C),NA,
3,10183808,G,A,G93S_(c.277G>A),NA,
3,10183808,G,A,G93S_(c.277G>A),NA,
3,10183808,G,A,G93S_(c.277G>A),NA,
3,10183808,G,T,G93C_(c.277G>T),NA,
3,10183809,G,T,G93V_(c.278G>T),NA,
3,10183809,GC,G,E94FS_(c.279delC),NA,
3,10183811,G,T,E94*_(c.280G>T),NA,
3,10183811,G,T,E94*_(c.280G>T),NA,
3,10183811,G,T,E94*_(c.280G>T),NA,
3,10183811,G,T,E94*_(c.280G>T),NA,
3,10183811,G,T,E94*_(c.280G>T),NA,
3,10183811,G,T,E94*_(c.280G>T),NA,
3,10183817,C,T,Q96*_(c.286C>T),NA,
3,10183817,C,T,Q96*_(c.286C>T),NA,
3,10183817,C,T,Q96*_(c.286C>T),NA,
3,10183818,AGCC,A,Q96_P97delinsH_(c.288_290del),NA,
3,10183821,CC,C,Y98FS_(c.291delC),NA,
3,10183821,CCTACCCAACGCTGCCGCCTG,C,Y98FS_(c.291_310del20),DOID:263 / kidney cancer,
3,10183823,T,C,Y98H_(c.292T>C),NA,
3,10183823,T,C,Y98H_(c.292T>C),NA,
3,10183823,T,C,Y98H_(c.292T>C),NA,
3,10183823,T,C,Y98H_(c.292T>C),NA,
3,10183823,T,C,Y98H_(c.292T>C),NA,
3,10183823,T,C,Y98H_(c.292T>C),NA,
3,10183823,T,C,Y98H_(c.292T>C),NA,
3,10183823,T,C,Y98H_(c.292T>C),NA,
3,10183823,T,C,Y98H_(c.292T>C),NA,
3,10183824,A,G,Y98C__(c.293A>G),NA,
3,10183832,CT,GG,L101G_(c.301_302delinsGG),NA,
3,10183835,CC,C,P102fs_(c.305delC),NA,
3,10183839,CTG,C,P103FS_(c.309_310delTG),NA,
3,10183842,G,T,G104V_(c.311G>T),NA,
3,10183842,G,C,G104A_(c.311G>C),NA,
3,10183843,C,G,G104G_(c.312C>G),NA,
3,10183844,A,C,T105P_(c.313A>C),NA,
3,10183844,A,C,T105P_(c.313A>C),NA,
3,10183849,C,CCGC,R108dup_(c.322_324dup),NA,
3,10183850,C,G,R107G__(c.319C>G),NA,
3,10183851,G,C,R107P_(c.320G>C),NA,
3,10183861,CA,TT,S111C_(c.330_331delinsTT),NA,
3,10183861,CA,C,S111FS_(c.331delA),NA,
3,10183862,A,T,S111C_(c.331A>T),NA,
3,10183863,G,A,S111N_(c.332G>A),NA,
3,10183863,G,A,S111N_(c.332G>A),NA,
3,10183864,C,G,S111R_(c.333C>G),NA,
3,10183864,C,G,S111R_(c.333C>G),NA,
3,10183865,T,C,Y112H_(c.334T>C),NA,
3,10183867,C,A,Y112*_(c.336C>A),NA,
3,10183867,CC,C,R113FS_(c.337delC),NA,
3,10183868,C,T,R113*_(c.337C>T),NA,
3,10183868,C,T,R113*_(c.337C>T),NA,
3,10183868,C,T,R113*_(c.337C>T),NA,
3,10183868,C,T,R113*_(c.337C>T),NA,
3,10183868,C,T,R113*_(c.337C>T),NA,
3,10183871,G,T,G114C_(c.340G>T),NA,
3,10183871,G,T,G114C_(c.340G>T),NA,
3,10183871,G,A,G114S_(c.340G>A),NA,
3,10183871,G,C,G114R_(c.340G>C),NA,
3,10183871,G,C,G114R_(c.340G>C),NA,
3,10183872,G,A,Splice_Site_(c.340+1G>A),NA,
3,10183872,G,A,Splice_Site_(c.340+1G>A),NA,
3,10183872,G,A,Splice_Site_(c.340+1G>A),NA,
3,10183872,G,A,Splice_Site_(c.340+1G>A),NA,
3,10183872,G,A,Splice_Site_(c.340+1G>A),NA,
3,10183872,G,A,Splice_Site_(c.340+1G>A),NA,
3,10183876,G,C,Splice_Region_(c.340+5G>C),NA,
3,10188196,A,C,Splice_Site_(c.341-2A>C),NA,
3,10188196,A,C,Splice_Site_(c.341-2A>C),DOID:263 / kidney cancer,
3,10188200,C,T,H115Y_(c.343C>T),NA,
3,10188200,C,T,H115Y_(c.343C>T),NA,
3,10188200,CA,C,H115fs_(c.344del),NA,
3,10188201,A,C,H115P_(c.344A>C),NA,
3,10188201,A,G,H115R_(c.344A>G),NA,
3,10188201,A,G,H115R_(c.344A>G),NA,
3,10188202,C,A,H115Q_(c.345C>A),NA,
3,10188202,C,G,H115Q_(c.345C>G),NA,
3,10188202,C,G,H115Q_(c.345C>G),NA,
3,10188203,C,G,L116V_(c.346C>G),NA,
3,10188206,T,TT,W117fs_(c.349dup),NA,
3,10188208,G,T,W117C_(c.351G>T),NA,
3,10188208,G,T,W117C_(c.351G>T),NA,
3,10188208,G,T,W117C_(c.351G>T),NA,
3,10188209,C,CA,L118fs_(c.352_353insA),NA,
3,10188210,T,C,L118P_(c.353T>C),NA,
3,10188210,T,C,L118P_(c.353T>C),NA,
3,10188210,T,C,L118P_(c.353T>C),NA,
3,10188210,T,C,L118P_(c.353T>C),NA,
3,10188210,T,C,L118P_(c.353T>C),NA,
3,10188210,T,C,L118P_(c.353T>C),DOID:263 / kidney cancer,
3,10188210,T,C,L118P_(c.353T>C),NA,
3,10188214,C,G,F119L_(c.357C>G),NA,
3,10188214,C,G,F119L_(c.357C>G),NA,
3,10188214,C,G,F119L_(c.357C>G),NA,
3,10188214,C,G,F119L_(c.357C>G),NA,
3,10188215,A,G,R120G_(c.358A>G),NA,
3,10188215,A,G,R120G_(c.358A>G),NA,
3,10188215,A,G,R120G_(c.358A>G),NA,
3,10188215,A,AAC,R120fs_(c.358_359insAC),NA,
3,10188219,A,G,D121G_(c.362A>G),NA,
3,10188219,A,G,D121G_(c.362A>G),NA,
3,10188219,A,G,D121G_(c.362A>G),NA,
3,10188221,GC,AT,A122I_(c.364_365GC>AT),NA,
3,10188221,GC,AT,A122I_(c.364_365GC>AT),NA,
3,10188225,GGACACAC,G,G123fs_(c.369_375delGACACAC),NA,
3,10188232,C,CC,D126FS_(c.375_376insC),NA,
3,10188239,C,T,L128F_(c.382C>T),NA,
3,10188240,T,G,L128R_(c.383T>G),NA,
3,10188240,T,G,L128R_(c.383T>G),NA,
3,10188240,TT,T,L129fs_(c.384delT),NA,
3,10188243,T,C,L129P_(c.386T>C),NA,
3,10188245,G,C,V130L_(c.388G>C),NA,
3,10188245,G,C,V130L_(c.388G>C),NA,
3,10188246,TTA,T,N131fs_(c.390_391del),NA,
3,10188246,TTA,T,N131fs_(c.390_391del),NA,
3,10188249,A,C,N131T_(c.392A>C),NA,
3,10188249,A,C,N131T_(c.392A>C),NA,
3,10188250,C,A,N131K_(c.393C>A),NA,
3,10188250,C,A,N131K_(c.393C>A),NA,
3,10188251,C,T,Q132*_(c.394C>T),NA,
3,10188251,C,T,Q132*_(c.394C>T),NA,
3,10188252,A,C,Q132P_(c.395A>C),NA,
3,10188252,A,C,Q132P_(c.395A>C),NA,
3,10188251,CA,C,T133fs_(c.397del),NA,
3,10188251,CA,C,T133fs_(c.397del),NA,
3,10188259,AT,A,L135fs_(c.404del),NA,
3,10188261,T,A,L135*_(c.404T>A),NA,
3,10188261,T,A,L135*_(c.404T>A),NA,
3,10188264,T,G,F136C_(c.407T>G),NA,
3,10188264,T,G,F136C_(c.407T>G),NA,
3,10188264,T,C,F136S_(c.407T>C),NA,
3,10188264,T,C,F136S_(c.407T>C),NA,
3,10188264,T,C,F136S_(c.407T>C),NA,
3,10188264,T,C,F136S_(c.407T>C),NA,
3,10188264,T,C,F136S_(c.407T>C),NA,
3,10188264,T,C,F136S_(c.407T>C),NA,
3,10188264,T,C,F136S_(c.407T>C),NA,
3,10188269,C,A,P138T_(c.412C>A),NA,
3,10188269,C,A,P138T_(c.412C>A),NA,
3,10188270,C,G,P138R_(c.413C>G),DOID:263 / kidney cancer,
3,10188284,GACGGACAGCCT,G,G144fs_(c.429_439del),NA,
3,10188287,G,T,G144*_(c.430G>T),NA,
3,10188288,G,A,G144E_(c.431G>A),DOID:3953 / adrenal gland cancer,
3,10188290,C,T,Q145*_(c.433C>T),NA,
3,10188290,C,T,Q145*_(c.433C>T),NA,
3,10188292,GC,G,P146fs_(c.437del),NA,
3,10188302,G,T,A149S_(c.445G>T),NA,
3,10188302,G,T,A149S_(c.445G>T),NA,
3,10188302,G,A,A149T_(c.445G>A),NA,
3,10188301,TG,T,A149fs_(c.445delG),NA,
3,10188301,TGCCAATATCACACT,T,N150fs_(c.445_458del),NA,
3,10188302,GC,G,N150fs_(c.447del),DOID:263 / kidney cancer,
3,10188306,A,G,N150S_(c.449A>G),NA,
3,10188308,A,T,I151F_(c.451A>T),NA,
3,10188309,T,C,I151T_(c.452T>C),NA,
3,10188309,T,C,I151T_(c.452T>C),NA,
3,10188309,T,C,I151T_(c.452T>C),NA,
3,10188309,T,C,I151T_(c.452T>C),NA,
3,10188310,C,G,I151M_(c.453C>G),NA,
3,10188315,T,C,L153P_(c.458T>C),NA,
3,10188315,T,C,L153P_(c.458T>C),NA,
3,10188316,GC,G,L153fs_(c.457delC),NA,
3,10188316,GC,G,L153fs_(c.457delC),NA,
3,10188318,C,T,P154L_(c.461C>T),NA,
3,10188318,C,T,P154L_(c.461C>T),NA,
3,10188318,C,T,P154L_(c.461C>T),NA,
3,10188318,C,T,P154L_(c.461C>T),NA,
3,10188319,A,C,P154P_(c.462A>C),NA,
3,10188319,A,C,P154P_(c.462A>C),NA,
3,10188319,A,C,P154P_(c.462A>C),NA,
3,10188318,CA,C,P154fs_(c.462delA),NA,
3,10188321,G,C,Splice_Site_(c.463+1G>C),DOID:263 / kidney cancer,
3,10188322,T,C,Splice_Site_(c.463+2T>C),NA,
3,10188322,T,C,Splice_Site_(c.463+2T>C),NA,
3,10188322,T,C,Splice_Site_(c.463+2T>C),NA,
3,10188322,T,C,Splice_Site_(c.463+2T>C),NA,
3,10188328,C,T,Splice_Region_(c.463+8C>T),DOID:3953 / adrenal gland cancer,
3,10191469,A,G,Splice_Site_(c.464-2A>G),NA,
3,10191469,A,G,Splice_Site_(c.464-2A>G),NA,
3,10191469,A,G,Splice_Site_(c.464-2A>G),NA,
3,10191469,A,T,Splice_Site_(c.464-2A>T),NA,
3,10191470,G,A,Splice_Site_(c.464-1G>A),NA,
3,10191470,G,T,Splice_Site_(c.464-1G>T),NA,
3,10191470,G,T,Splice_Site_(c.464-1G>T),NA,
3,10191470,G,C,Splice_Site_(c.464-1G>C),NA,
3,10191471,T,G,V155G_(c.464T>G),NA,
3,10191471,T,A,V155E_(c.464T>A),NA,
3,10191473,T,A,Y156N_(c.466T>A),NA,
3,10191473,T,G,Y156D_(c.466T>G),NA,
3,10191474,A,G,Y156C_(c.467A>G),NA,
3,10191474,A,G,Y156C_(c.467A>G),NA,
3,10191474,A,G,Y156C_(c.467A>G),NA,
3,10191474,A,G,Y156C_(c.467A>G),NA,
3,10191475,T,G,Y156*_(c.468T>G),NA,
3,10191477,C,T,T157I_(c.470C>T),NA,
3,10191477,C,T,T157I_(c.470C>T),NA,
3,10191477,C,T,T157I_(c.470C>T),NA,
3,10191477,C,T,T157I_(c.470C>T),NA,
3,10191477,C,T,T157I_(c.470C>T),NA,
3,10191478,T,TT,L158fs_(c.471dupT),NA,
3,10191479,C,G,L158V_(c.472C>G),NA,
3,10191479,C,G,L158V_(c.472C>G),NA,
3,10191479,C,G,L158V_(c.472C>G),NA,
3,10191480,T,C,L158P_(c.473T>C),NA,
3,10191480,T,C,L158P_(c.473T>C),NA,
3,10191480,T,C,L158P_(c.473T>C),NA,
3,10191480,T,TT,K159fs_(c.473dup),NA,
3,10191480,TGAA,TC,K159fs_(c.474_476delGAAinsC),NA,
3,10191481,GA,G,E160fs_(c.477del),NA,
3,10191484,A,ACA,K159fs_(c.477_478insCA),NA,
3,10191485,GAG,G,E160FS_(c.479_480delAG),NA,
3,10191485,GAG,G,E160FS_(c.479_480delAG),NA,
3,10191488,C,A,R161R_(c.481C>A),NA,
3,10191488,C,T,R161*_(c.481C>T),NA,
3,10191488,C,T,R161*_(c.481C>T),NA,
3,10191488,C,T,R161*_(c.481C>T),NA,
3,10191488,C,T,R161*_(c.481C>T),NA,
3,10191488,C,T,R161*_(c.481C>T),NA,
3,10191488,C,T,R161*_(c.481C>T),NA,
3,10191488,C,T,R161*_(c.481C>T),NA,
3,10191488,C,T,R161*_(c.481C>T),NA,
3,10191488,C,T,R161*_(c.481C>T),NA,
3,10191488,C,T,R161*_(c.481C>T),DOID:263 / kidney cancer,
3,10191488,C,T,R161*_(c.481C>T),NA,
3,10191488,C,G,R161G_(c.481C>G),NA,
3,10191488,C,G,R161G_(c.481C>G),NA,
3,10191489,G,A,R161Q_(c.482G>A),NA,
3,10191489,G,A,R161Q_(c.482G>A),NA,
3,10191489,G,A,R161Q_(c.482G>A),NA,
3,10191489,G,A,R161Q_(c.482G>A),NA,
3,10191489,G,A,R161Q_(c.482G>A),NA,
3,10191489,G,A,R161Q_(c.482G>A),NA,
3,10191489,G,A,R161Q_(c.482G>A),NA,
3,10191489,G,A,R161Q_(c.482G>A),NA,
3,10191489,G,A,R161Q_(c.482G>A),NA,
3,10191489,G,A,R161Q_(c.482G>A),NA,
3,10191489,G,C,R161P_(c.482G>C),NA,
3,10191489,GA,G,C162fs_(c.483del),NA,
3,10191491,T,C,C162R_(c.484T>C),NA,
3,10191491,T,C,C162R_(c.484T>C),NA,
3,10191491,T,C,C162R_(c.484T>C),NA,
3,10191491,T,C,C162R_(c.484T>C),NA,
3,10191492,G,A,C162Y_(c.485G>A),NA,
3,10191492,G,A,C162Y_(c.485G>A),NA,
3,10191492,G,A,C162Y_(c.485G>A),NA,
3,10191492,G,T,C162F_(c.485G>T),NA,
3,10191492,G,T,C162F_(c.485G>T),NA,
3,10191492,G,T,C162F_(c.485G>T),NA,
3,10191492,G,T,C162F_(c.485G>T),NA,
3,10191493,C,G,C162W_(c.486C>G),NA,
3,10191493,C,G,C162W_(c.486C>G),NA,
3,10191493,C,G,C162W_(c.486C>G),NA,
3,10191493,C,G,C162W_(c.486C>G),NA,
3,10191493,C,G,C162W_(c.486C>G),NA,
3,10191493,C,G,C162W_(c.486C>G),NA,
3,10191495,T,A,L163H_(c.488T>A),NA,
3,10191497,C,T,Q164*_(c.490C>T),NA,
3,10191497,C,T,Q164*_(c.490C>T),NA,
3,10191497,C,T,Q164*_(c.490C>T),NA,
3,10191497,C,T,Q164*_(c.490C>T),DOID:263 / kidney cancer,
3,10191497,C,T,Q164*_(c.490C>T),NA,
3,10191498,A,T,Q164L_(c.491A>T),NA,
3,10191498,A,G,Q164R_(c.491A>G),NA,
3,10191498,A,G,Q164R_(c.491A>G),NA,
3,10191503,G,T,V166F_(c.496G>T),NA,
3,10191503,G,T,V166F_(c.496G>T),NA,
3,10191504,T,C,V166A_(c.497T>C),NA,
3,10191504,T,A,V166D_(c.497T>A),NA,
3,10191506,C,T,R167W_(c.499C>T),NA,
3,10191506,C,T,R167W_(c.499C>T),NA,
3,10191506,C,T,R167W_(c.499C>T),NA,
3,10191506,C,T,R167W_(c.499C>T),NA,
3,10191506,C,T,R167W_(c.499C>T),NA,
3,10191506,C,T,R167W_(c.499C>T),NA,
3,10191506,C,T,R167W_(c.499C>T),NA,
3,10191506,C,T,R167W_(c.499C>T),NA,
3,10191506,C,T,R167W_(c.499C>T),NA,
3,10191506,C,T,R167W_(c.499C>T),NA,
3,10191506,C,T,R167W_(c.499C>T),NA,
3,10191506,C,T,R167W_(c.499C>T),NA,
3,10191506,C,T,R167W_(c.499C>T),NA,
3,10191506,C,T,R167W_(c.499C>T),NA,
3,10191507,G,C,R167P_(c.500G>C),NA,
3,10191507,G,A,R167Q_(c.500G>A),NA,
3,10191507,G,A,R167Q_(c.500G>A),NA,
3,10191507,G,A,R167Q_(c.500G>A),NA,
3,10191507,G,A,R167Q_(c.500G>A),NA,
3,10191507,G,A,R167Q_(c.500G>A),NA,
3,10191507,G,A,R167Q_(c.500G>A),NA,
3,10191507,G,A,R167Q_(c.500G>A),NA,
3,10191507,G,A,R167Q_(c.500G>A),NA,
3,10191507,G,A,R167Q_(c.500G>A),NA,
3,10191507,G,A,R167Q_(c.500G>A),NA,
3,10191507,G,A,R167Q_(c.500G>A),NA,
3,10191507,G,A,R167Q_(c.500G>A),NA,
3,10191507,G,A,R167Q_(c.500G>A),NA,
3,10191507,G,A,R167Q_(c.500G>A),NA,
3,10191507,G,A,R167Q_(c.500G>A),NA,
3,10191507,G,T,R167L_(c.500G>T),NA,
3,10191507,G,T,R167L_(c.500G>T),NA,
3,10191513,T,C,L169P_(c.506T>C),NA,
3,10191513,T,C,L169P_(c.506T>C),NA,
3,10191513,T,C,L169P_(c.506T>C),NA,
3,10191515,G,T,V170F_(c.508G>T),NA,
3,10191516,T,A,V170D_(c.509T>A),NA,
3,10191516,T,A,V170D_(c.509T>A),NA,
3,10191516,T,A,V170D_(c.509T>A),NA,
3,10191516,T,A,V170D_(c.509T>A),NA,
3,10191516,T,A,V170D_(c.509T>A),NA,
3,10191516,T,G,V170G_(c.509T>G),NA,
3,10191516,T,G,V170G_(c.509T>G),NA,
3,10191516,T,G,V170G_(c.509T>G),NA,
3,10191530,T,A,Y175N_(c.523T>A),NA,
3,10191530,T,G,Y175D_(c.523T>G),NA,
3,10191531,A,G,Y175C_(c.524A>G),NA,
3,10191531,AC,A,Y175*_(c.525delC),NA,
3,10191532,C,G,Y175*_(c.525C>G),NA,
3,10191532,C,G,Y175*_(c.525C>G),NA,
3,10191532,C,G,Y175*_(c.525C>G),NA,
3,10191532,C,A,Y175*_(c.525C>A),NA,
3,10191532,CA,C,R176fs_(c.526del),NA,
3,10191534,GG,G,R177fs_(c.528del),NA,
3,10191534,GG,G,R177fs_(c.528del),NA,
3,10191536,A,T,R177*_(c.529A>T),NA,
3,10191540,T,A,L178Q_(c.533T>A),NA,
3,10191540,T,A,L178Q_(c.533T>A),NA,
3,10191540,T,C,L178P_(c.533T>C),NA,
3,10191540,T,C,L178P_(c.533T>C),NA,
3,10191540,T,C,L178P_(c.533T>C),NA,
3,10191540,T,C,L178P_(c.533T>C),NA,
3,10191540,T,C,L178P_(c.533T>C),NA,
3,10191540,T,C,L178P_(c.533T>C),NA,
3,10191540,T,C,L178P_(c.533T>C),NA,
3,10191540,T,G,L178R_(c.533T>G),NA,
3,10191540,T,G,L178R_(c.533T>G),NA,
3,10191545,A,G,I180V_(c.538A>G),NA,
3,10191546,TCGTC,T,V181fs_(c.540_543del),NA,
3,10191555,C,A,S183*_(c.548C>A),NA,
3,10191555,C,A,S183*_(c.548C>A),NA,
3,10191555,C,A,S183*_(c.548C>A),DOID:263 / kidney cancer,
3,10191558,T,C,L184P_(c.551T>C),NA,
3,10191558,T,C,L184P_(c.551T>C),NA,
3,10191558,T,C,L184P_(c.551T>C),NA,
3,10191558,T,C,L184P_(c.551T>C),NA,
3,10191558,T,C,L184P_(c.551T>C),DOID:263 / kidney cancer,
3,10191558,T,C,L184P_(c.551T>C),DOID:263 / kidney cancer,
3,10191558,T,C,L184P_(c.551T>C),NA,
3,10191558,T,G,L184R_(c.551T>G),NA,
3,10191558,T,G,L184R_(c.551T>G),NA,
3,10191562,C,G,Y185*_(c.555C>G),NA,
3,10191562,C,G,Y185*_(c.555C>G),NA,
3,10191563,G,T,E186*_(c.556G>T),NA,
3,10191563,G,T,E186*_(c.556G>T),NA,
3,10191563,G,A,E186K_(c.556G>A),NA,
3,10191568,TC,T,L188fs_(c.562delC),NA,
3,10191569,C,G,L188V_(c.562C>G),NA,
3,10191569,C,G,L188V_(c.562C>G),NA,
3,10191570,T,G,L188R_(c.563T>G),NA,
3,10191570,T,G,L188R_(c.563T>G),NA,
3,10191570,T,C,L188P_(c.563T>C),NA,
3,10191570,T,C,L188P_(c.563T>C),NA,
3,10191570,T,A,L188Q_(c.563T>A),NA,
3,10191571,GG,G,E189fs_(c.565del),NA,
3,10191571,GG,G,E189fs_(c.565del),NA,
3,10191577,CC,C,H191FS_(c.571delC),NA,
3,10191586,TTG,T,V194fs_(c.581_582del),NA,
3,10191590,C,T,Q195*_(c.583C>T),NA,
3,10191590,C,T,Q195*_(c.583C>T),NA,
3,10191590,C,T,Q195*_(c.583C>T),NA,
3,10191590,C,T,Q195*_(c.583C>T),NA,
3,10191590,C,T,Q195*_(c.583C>T),NA,
3,10191590,C,T,Q195*_(c.583C>T),NA,
3,10191590,C,T,Q195*_(c.583C>T),NA,
3,10191590,C,T,Q195*_(c.583C>T),NA,
3,10191590,C,T,Q195*_(c.583C>T),NA,
3,10191590,C,T,Q195*_(c.583C>T),NA,
3,10191590,CAG,C,K196fs_(c.584_585delAG),NA,
3,10191593,A,T,K196*_(c.586A>T),NA,
3,10191595,AG,A,D197FS_(c.589delG),NA,
3,10191600,T,A,L198Q__(c.593T>A),NA,
3,10191600,T,A,L198Q__(c.593T>A),NA,
3,10191605,C,T,R200W_(c.598C>T),DOID:2531 / hematologic cancer,
3,10191647,T,G,*214G_(c.640T>G),NA,
3,10191648,G,T,*214L_(c.641G>T),NA,
3,10191648,G,GC,*214C_(c.641_642insC),NA,
3,10191649,A,T,*214C_(c.642A>T),NA,
3,10191649,A,G,*214W_(c.642A>G),NA,
3,10191656,C,G,3'UTR_alteration_(c.639+10C>G),NA,
3,10191719,C,A,3'UTR_alteration_(c.*70C>A),NA,
3,37035039,A,T,M1L,DOID:9256 / colorectal cancer,
3,37035074,CG,C,E13fs,DOID:363 / uterine cancer,
3,37038139,T,C,V49A,DOID:9256 / colorectal cancer,
3,37038187,G,A,G65D,DOID:9256 / colorectal cancer,
3,37038192,G,A,G67R,DOID:9256 / colorectal cancer,
3,37038196,T,G,I68S,DOID:9256 / colorectal cancer,
3,37042536,C,T,R100*,DOID:9256 / colorectal cancer,
3,37045935,C,T,T117M,DOID:9256 / colorectal cancer,
3,37048546,C,T,Q149*,DOID:9256 / colorectal cancer,
3,37053550,GT,G,V213FS,DOID:9256 / colorectal cancer,
3,37053589,C,T,R226*,DOID:9256 / colorectal cancer,
3,37056036,G,A,c.790+1G>A,DOID:9256 / colorectal cancer,
3,37058999,C,G,R265G,DOID:9256 / colorectal cancer,
3,37067359,G,A,A424T,DOID:9256 / colorectal cancer,
3,37067364,GC,G,Q426FS,DOID:9256 / colorectal cancer,
3,37070334,T,C,M490T,DOID:363 / uterine cancer,
3,37081718,GT,AG,V534R,DOID:9256 / colorectal cancer,
3,37081725,CT,C,P536FS,DOID:9256 / colorectal cancer,
3,37081770,A,C,N551T,DOID:9256 / colorectal cancer,
3,37089093,AGG,A,G606FS*2,DOID:363 / uterine cancer,
3,37089129,GAAG,G,K618DEL,DOID:9256 / colorectal cancer,
3,37090405,AC,A,D667FS,DOID:9256 / colorectal cancer,
3,37090447,C,T,A681V,DOID:9256 / colorectal cancer,
3,37090463,CC,C,R687FS,DOID:9256 / colorectal cancer,
3,37092143,A,T,*757L,NA,
3,38182641,T,C,L265P,DOID:2531 / hematologic cancer,
3,38182641,T,C,L265P,DOID:2531 / hematologic cancer,
3,38182641,T,C,L265P,DOID:2531 / hematologic cancer,
3,41266124,A,G,T41A,NA,
3,41266124,A,G,T41A,NA,
3,41266124,A,G,T41A,NA,
3,41266136,T,C,S45P,NA,
3,41266136,T,C,S45P,NA,
3,41266136,T,C,S45P,NA,
3,41266137,C,T,S45F,NA,
3,41266137,C,T,S45F,NA,
3,41266137,C,T,S45F,NA,
3,41266137,C,T,S45F,NA,
3,41266137,C,T,S45F,NA,
3,105439026,G,A,RS2305035,DOID:1324 / lung cancer,
3,138665163,G,C,C134W,DOID:2394 / ovarian cancer,
3,138665163,G,C,C134W,DOID:2394 / ovarian cancer,
3,178916854,G,A,E81K,DOID:9256 / colorectal cancer,
3,178916876,G,A,R88Q,DOID:9256 / colorectal cancer,
3,178916890,C,T,R93W,DOID:9256 / colorectal cancer,
3,178916946,G,C,K111N,DOID:1612 / breast cancer,
3,178916946,G,C,K111N,DOID:1612 / breast cancer,
3,178916946,G,C,K111N,DOID:1612 / breast cancer,
3,178916946,G,C,K111N,DOID:1612 / breast cancer,
3,178916946,G,C,K111N,DOID:1612 / breast cancer,
3,178916946,G,C,K111N,DOID:1612 / breast cancer,
3,178917598,C,T,S158L,DOID:9256 / colorectal cancer,
3,178921553,T,A,N345K,DOID:9256 / colorectal cancer,
3,178921567,A,G,D350G,DOID:4159 / skin cancer,
3,178927410,A,G,I391M,DOID:1612 / breast cancer,
3,178927410,A,G,I391M,DOID:1612 / breast cancer,
3,178927980,T,C,C420R,DOID:1612 / breast cancer,
3,178927980,T,C,C420R,DOID:9256 / colorectal cancer,
3,178927980,T,C,C420R,DOID:1612 / breast cancer,
3,178927980,T,C,C420R,DOID:1612 / breast cancer,
3,178928226,C,T,P471L,DOID:4159 / skin cancer,
3,178936082,G,A,E542K,DOID:9256 / colorectal cancer,
3,178936082,G,A,E542K,DOID:1612 / breast cancer,
3,178936082,G,A,E542K,DOID:11934 / head and neck cancer,
3,178936082,G,A,E542K,DOID:1781 / thyroid gland cancer,
3,178936082,G,A,E542K,DOID:9256 / colorectal cancer,
3,178936082,G,A,E542K,DOID:1612 / breast cancer,
3,178936082,G,A,E542K,DOID:1612 / breast cancer,
3,178936082,G,A,E542K,DOID:1612 / breast cancer,
3,178936082,G,A,E542K,DOID:1612 / breast cancer,
3,178936082,G,A,E542K,DOID:1612 / breast cancer,
3,178936082,G,A,E542K,DOID:1612 / breast cancer,
3,178936082,G,A,E542K,DOID:1612 / breast cancer,
3,178936082,G,A,E542K,DOID:1612 / breast cancer,
3,178936091,G,C,E545Q,DOID:9256 / colorectal cancer,
3,178936091,G,A,E545K,DOID:1324 / lung cancer,
3,178936091,G,A,E545K,DOID:4159 / skin cancer,
3,178936091,G,A,E545K,DOID:1612 / breast cancer,
3,178936091,G,A,E545K,DOID:1612 / breast cancer,
3,178936091,G,A,E545K,NA,
3,178936091,G,A,E545K,DOID:1324 / lung cancer,
3,178936091,G,A,E545K,DOID:1612 / breast cancer,
3,178936091,G,A,E545K,DOID:9256 / colorectal cancer,
3,178936091,G,A,E545K,DOID:1324 / lung cancer,
3,178936091,G,A,E545K,DOID:4362 / cervical cancer,
3,178936091,G,A,E545K,DOID:4362 / cervical cancer,
3,178936091,G,A,E545K,DOID:1612 / breast cancer,
3,178936091,G,A,E545K,DOID:9256 / colorectal cancer,
3,178936091,G,A,E545K,DOID:1612 / breast cancer,
3,178936091,G,A,E545K,DOID:1612 / breast cancer,
3,178936091,G,A,E545K,DOID:1612 / breast cancer,
3,178936091,G,A,E545K,DOID:1612 / breast cancer,
3,178936091,G,A,E545K,DOID:4362 / cervical cancer,
3,178936091,G,A,E545K,DOID:1612 / breast cancer,
3,178936091,G,A,E545K,DOID:9256 / colorectal cancer,
3,178936091,G,A,E545K,DOID:1612 / breast cancer,
3,178936091,G,A,E545K,DOID:1612 / breast cancer,
3,178936091,G,A,E545K,DOID:9256 / colorectal cancer,
3,178936092,A,G,E545G,DOID:4159 / skin cancer,
3,178936094,C,A,Q546K,DOID:9256 / colorectal cancer,
3,178948091,G,A,V955I,DOID:9256 / colorectal cancer,
3,178952085,A,T,H1047L,DOID:1612 / breast cancer,
3,178952085,A,T,H1047L,DOID:1612 / breast cancer,
3,178952085,A,T,H1047L,DOID:1612 / breast cancer,
3,178952085,A,T,H1047L,DOID:9256 / colorectal cancer,
3,178952085,A,G,H1047R,DOID:9256 / colorectal cancer,
3,178952085,A,G,H1047R,DOID:1612 / breast cancer,
3,178952085,A,G,H1047R,DOID:9256 / colorectal cancer,
3,178952085,A,G,H1047R,DOID:9256 / colorectal cancer,
3,178952085,A,G,H1047R,DOID:11934 / head and neck cancer,
3,178952085,A,G,H1047R,DOID:1324 / lung cancer,
3,178952085,A,G,H1047R,DOID:1612 / breast cancer,
3,178952085,A,G,H1047R,DOID:1612 / breast cancer,
3,178952085,A,G,H1047R,DOID:11934 / head and neck cancer,
3,178952085,A,G,H1047R,DOID:11934 / head and neck cancer,
3,178952085,A,G,H1047R,DOID:1612 / breast cancer,
3,178952085,A,G,H1047R,DOID:1781 / thyroid gland cancer,
3,178952085,A,G,H1047R,DOID:1612 / breast cancer,
3,178952085,A,G,H1047R,DOID:1612 / breast cancer,
3,178952085,A,G,H1047R,DOID:1612 / breast cancer,
3,178952085,A,G,H1047R,DOID:9256 / colorectal cancer,
3,178952085,A,G,H1047R,DOID:1612 / breast cancer,
3,178952085,A,G,H1047R,DOID:11934 / head and neck cancer,
3,178952085,A,G,H1047R,DOID:11934 / head and neck cancer,
3,178952085,A,G,H1047R,DOID:9256 / colorectal cancer,
3,178952085,A,G,H1047R,DOID:1612 / breast cancer,
3,178952085,A,G,H1047R,DOID:1612 / breast cancer,
3,178952085,A,G,H1047R,DOID:1612 / breast cancer,
3,178952085,A,G,H1047R,DOID:1612 / breast cancer,
3,178952090,G,C,G1049R,DOID:9256 / colorectal cancer,
4,1803568,C,G,S249C,NA,
4,1803568,C,G,S249C,NA,
4,1803568,C,G,S249C,,
4,1806099,A,G,Y375C,DOID:11054 / urinary bladder cancer,
4,55141036,T,C,V561A,DOID:9253 / gastrointestinal stromal tumor,
4,55141036,T,A,V561D,NA,
4,55141036,T,A,V561D,DOID:9253 / gastrointestinal stromal tumor,
4,55141036,T,A,V561D,NA,
4,55141036,T,A,V561D,NA,
4,55141083,C,T,P577S,DOID:4159 / skin cancer,
4,55144547,C,T,FIP1L1-PDGFRA_T674I,DOID:2531 / hematologic cancer,
4,55144547,C,T,FIP1L1-PDGFRA_T674I,DOID:2531 / hematologic cancer,
4,55144547,C,T,FIP1L1-PDGFRA_T674I,DOID:2531 / hematologic cancer,
4,55152090,G,A,R841K,DOID:4159 / skin cancer,
4,55152092,G,T,D842Y,DOID:9253 / gastrointestinal stromal tumor,
4,55152092,GA,AT,D842I,DOID:9253 / gastrointestinal stromal tumor,
4,55152093,A,T,D842V,DOID:9253 / gastrointestinal stromal tumor,
4,55152093,A,T,D842V,DOID:9253 / gastrointestinal stromal tumor,
4,55152093,A,T,D842V,DOID:9253 / gastrointestinal stromal tumor,
4,55152093,A,T,D842V,DOID:9253 / gastrointestinal stromal tumor,
4,55152093,A,T,D842V,NA,
4,55152093,A,T,D842V,DOID:9253 / gastrointestinal stromal tumor,
4,55152093,A,T,D842V,NA,
4,55152093,A,T,D842V,DOID:9253 / gastrointestinal stromal tumor,
4,55152093,A,T,D842V,DOID:9253 / gastrointestinal stromal tumor,
4,55152093,A,T,D842V,DOID:9253 / gastrointestinal stromal tumor,
4,55152093,A,T,D842V,NA,
4,55152093,ACATC,TCATG,D842_I843delinsVM,DOID:9253 / gastrointestinal stromal tumor,
4,55152094,CATC,C,I843DEL,DOID:9253 / gastrointestinal stromal tumor,
4,55152094,CATC,C,I843DEL,DOID:9253 / gastrointestinal stromal tumor,
4,55152101,C,T,H845Y,DOID:4159 / skin cancer,
4,55152126,G,A,G853D,DOID:4159 / skin cancer,
4,55592185,T,TGCCTAT,Y503_F504insAY,NA,
4,55593464,A,C,M541L,DOID:2531 / hematologic cancer,
4,55593464,A,C,M541L,DOID:2531 / hematologic cancer,
4,55593581,GAAACCCATGTATGAAGTACAGTGG,G,K550_W557del,DOID:9253 / gastrointestinal stromal tumor,
4,55593581,GAAACCCATGTATGAAGTACAGTGGAAG,G,K550_K558del,DOID:9253 / gastrointestinal stromal tumor,
4,55593581,GAAACCCATGTATGAAGTACAGTGGAAGGTT,G,K550_K559DEL,DOID:9253 / gastrointestinal stromal tumor,
4,55593602,GTGGAAG,G,W557_K558del,DOID:9253 / gastrointestinal stromal tumor,
4,55593602,GTGGAAG,G,W557_K558del,NA,
4,55593602,GTGGAAG,G,W557_K558del,DOID:9253 / gastrointestinal stromal tumor,
4,55593602,GTGGAAG,G,W557_K558del,DOID:9253 / gastrointestinal stromal tumor,
4,55593605,GAAGGTT,G,K558_V559del,DOID:9253 / gastrointestinal stromal tumor,
4,55593610,T,A,V559D,NA,
4,55593610,T,A,V559D,DOID:9253 / gastrointestinal stromal tumor,
4,55593610,T,A,V559D,DOID:9253 / gastrointestinal stromal tumor,
4,55593611,TGTT,T,V560DEL,DOID:3277 / thymus cancer,
4,55593613,T,A,V560D,NA,
4,55593613,T,A,V560D,NA,
4,55593613,T,A,V560D,DOID:9253 / gastrointestinal stromal tumor,
4,55593613,T,A,V560D,DOID:9253 / gastrointestinal stromal tumor,
4,55593613,T,G,V560G,NA,
4,55593613,T,G,V560G,DOID:9253 / gastrointestinal stromal tumor,
4,55593661,T,C,L576P,DOID:4159 / skin cancer,
4,55593661,T,C,L576P,DOID:4159 / skin cancer,
4,55593661,T,C,L576P,NA,
4,55593661,T,C,L576P,DOID:1324 / lung cancer,
4,55593661,T,C,L576P,DOID:9253 / gastrointestinal stromal tumor,
4,55593668,TGAT,T,D579del,DOID:9253 / gastrointestinal stromal tumor,
4,55594180,G,A,S628N,NA,
4,55594180,G,A,S628N,DOID:4159 / skin cancer,
4,55594221,A,G,K642E,NA,
4,55594221,A,G,K642E,DOID:9253 / gastrointestinal stromal tumor,
4,55594221,A,G,K642E,DOID:4159 / skin cancer,
4,55594221,A,G,K642E,DOID:4159 / skin cancer,
4,55594258,T,C,V654A,DOID:9253 / gastrointestinal stromal tumor,
4,55594258,T,C,V654A,DOID:9253 / gastrointestinal stromal tumor,
4,55595519,C,T,T670I,DOID:9253 / gastrointestinal stromal tumor,
4,55595519,C,T,T670I,DOID:9253 / gastrointestinal stromal tumor,
4,55595519,C,T,T670I,DOID:9253 / gastrointestinal stromal tumor,
4,55595519,C,T,T670I,DOID:9253 / gastrointestinal stromal tumor,
4,55599299,T,G,C809G,DOID:9253 / gastrointestinal stromal tumor,
4,55599320,G,C,D816H,DOID:9253 / gastrointestinal stromal tumor,
4,55599321,A,T,D816V,DOID:2531 / hematologic cancer,
4,55599321,A,T,D816V,DOID:2531 / hematologic cancer,
4,55599321,A,T,D816V,NA,
4,55599321,A,T,D816V,DOID:2531 / hematologic cancer,
4,55599321,A,T,D816V,NA,
4,55599322,C,G,D816E,DOID:9253 / gastrointestinal stromal tumor,
4,55599322,C,G,D816E,DOID:9253 / gastrointestinal stromal tumor,
4,55599332,G,T,D820Y,DOID:4159 / skin cancer,
4,55599332,G,T,D820Y,DOID:9253 / gastrointestinal stromal tumor,
4,55599332,G,T,D820Y,DOID:4159 / skin cancer,
4,55599333,A,G,D820G,DOID:9253 / gastrointestinal stromal tumor,
4,55599333,A,C,D820A,DOID:9253 / gastrointestinal stromal tumor,
4,55599338,A,C,N822H,NA,
4,55599340,T,A,N822K,DOID:9253 / gastrointestinal stromal tumor,
4,55599340,T,A,N822K,NA,
4,55599340,T,A,N822K,DOID:2531 / hematologic cancer,
4,55599340,T,A,N822K,DOID:9253 / gastrointestinal stromal tumor,
4,55599340,T,A,N822K,DOID:9253 / gastrointestinal stromal tumor,
4,55599340,T,A,N822K,DOID:2531 / hematologic cancer,
4,55599340,T,A,N822K,DOID:9253 / gastrointestinal stromal tumor,
4,55599340,T,A,N822K,DOID:9253 / gastrointestinal stromal tumor,
4,55599341,T,G,Y823D,DOID:9253 / gastrointestinal stromal tumor,
4,55602664,G,C,A829P,DOID:9253 / gastrointestinal stromal tumor,
4,55602664,G,C,A829P,DOID:9253 / gastrointestinal stromal tumor,
4,55602765,G,C,RS3733542,DOID:2531 / hematologic cancer,
4,55604940,G,A,rs17084733,DOID:4159 / skin cancer ,
4,55955969,C,T,A1065T,NA,
4,55961059,G,A,R961W,DOID:9256 / colorectal cancer,
4,55968180,T,A,D717V,NA,
4,89052323,G,T,Q141K,DOID:2394 / ovarian cancer,
5,1286516,C,A,RS2736100,DOID:1319 / brain cancer,
5,1295228,G,A,C228T,DOID:1781 / thyroid gland cancer,
5,1295228,G,A,C228T,DOID:1781 / thyroid gland cancer,
5,170837547,G,GTCTG,W288FS,DOID:2531 / hematologic cancer,
5,170837547,G,GTCTG,W288FS,DOID:2531 / hematologic cancer,
5,170837547,G,GTCTG,W288FS,DOID:2531 / hematologic cancer,
5,170837547,G,GTCTG,W288FS,DOID:2531 / hematologic cancer,
5,176942767,G,A,R164W,DOID:2531 / hematologic cancer,
6,117630062,A,G,CD74-ROS1_L2155S,DOID:1324 / lung cancer,
6,117631376,C,G,CD74-ROS1_G2101A,DOID:1324 / lung cancer,
6,117631376,C,G,CD74-ROS1_G2101A,DOID:1324 / lung cancer,
6,117638347,C,T,G2032R,DOID:1324 / lung cancer,
6,117638347,C,T,CD74-ROS1_G2032R,DOID:1324 / lung cancer,
6,117638347,C,T,CD74-ROS1_G2032R,DOID:1324 / lung cancer,
6,117638347,C,T,CD74-ROS1_G2032R,DOID:1324 / lung cancer,
6,117638347,C,T,CD74-ROS1_G2032R,DOID:1324 / lung cancer,
6,117638347,C,T,CD74-ROS1_G2032R,DOID:1324 / lung cancer,
6,117638347,C,T,CD74-ROS1_G2032R,DOID:1324 / lung cancer,
6,117638347,C,T,CD74-ROS1_G2032R,DOID:1324 / lung cancer,
6,117638365,G,T,CD74-ROS1_L2026M,DOID:1324 / lung cancer,
6,117638365,G,T,CD74-ROS1_L2026M,DOID:1324 / lung cancer,
6,117638365,G,T,CD74-ROS1_L2026M,DOID:1324 / lung cancer,
6,117638365,G,T,CD74-ROS1_L2026M,DOID:1324 / lung cancer,
6,152415537,T,C,S463P,DOID:1612 / breast cancer,
6,152419920,TC,AG,L536Q,DOID:1612 / breast cancer,
6,152419920,TC,AG,L536Q,DOID:1612 / breast cancer,
6,152419922,T,A,Y537N,DOID:1612 / breast cancer,
6,152419922,T,A,Y537N,DOID:1612 / breast cancer,
6,152419923,A,G,Y537C,DOID:1612 / breast cancer,
6,152419923,A,G,Y537C,DOID:1612 / breast cancer,
6,152419923,A,C,Y537S,DOID:1612 / breast cancer,
6,152419923,A,C,Y537S,DOID:1612 / breast cancer,
6,152419926,A,G,D538G,DOID:1612 / breast cancer,
6,152419926,A,G,D538G,DOID:1612 / breast cancer,
6,152419926,A,G,D538G,DOID:1612 / breast cancer,
7,6031649,G,A,R315*,DOID:363 / uterine cancer,
7,6426892,C,T,P29S,DOID:4159 / skin cancer,
7,55221822,C,T,A289V,DOID:1319 / brain cancer,
7,55227884,C,T,R451C,DOID:9256 / colorectal cancer,
7,55227926,G,A,G465R,DOID:9256 / colorectal cancer,
7,55227926,G,A,G465R,DOID:9256 / colorectal cancer,
7,55227933,A,C,K467T,DOID:9256 / colorectal cancer,
7,55227933,A,C,K467T,DOID:9256 / colorectal cancer,
7,55228009,C,A,S492R,DOID:9256 / colorectal cancer,
7,55228009,C,A,S492R,DOID:9256 / colorectal cancer,
7,55228009,C,A,S492R,DOID:9256 / colorectal cancer,
7,55228009,C,A,S492R,DOID:9256 / colorectal cancer,
7,55241707,G,A,G719S,DOID:1324 / lung cancer,
7,55241707,G,A,G719S,DOID:9256 / colorectal cancer,
7,55241707,G,A,G719S,DOID:1324 / lung cancer,
7,55241707,G,A,G719S,DOID:1324 / lung cancer,
7,55241708,G,C,G719A,DOID:1324 / lung cancer,
7,55241708,G,C,G719A,DOID:1324 / lung cancer,
7,55241722,G,A,G724S,DOID:9256 / colorectal cancer,
7,55242464,AGGAATTAAGAGAAGC,A,E746_A750del,DOID:1324 / lung cancer,
7,55242464,AGGAATTAAGAGAAGC,A,E746_A750del,DOID:1324 / lung cancer,
7,55242464,AGGAATTAAGAGAAGC,A,E746_A750del,NA,
7,55242467,A,G,E746G,DOID:1324 / lung cancer,
7,55242469,TTAAGAGAAGCAACATCTC,T,L747_P753delinsS,DOID:1793 / pancreatic cancer,
7,55242469,TTAAGAGAAGCAACATCTC,T,L747_P753delinsS,DOID:1324 / lung cancer,
7,55242487,C,T,P753S,DOID:4159 / skin cancer,
7,55242500,A,G,K757R,DOID:1324 / lung cancer,
7,55242511,G,T,D761Y,DOID:1324 / lung cancer,
7,55248992,T,TTCCAGGAAGCCT,A763_Y764insFQEA,DOID:1324 / lung cancer,
7,55249000,G,GGCCAGCGTG,A767_V769dupASV,DOID:1324 / lung cancer,
7,55249005,G,T,S768I,DOID:1324 / lung cancer,
7,55249005,G,T,S768I,DOID:1324 / lung cancer,
7,55249005,G,T,S768I,DOID:1324 / lung cancer,
7,55249005,G,T,S768I,DOID:1324 / lung cancer,
7,55249005,G,T,S768I,NA,
7,55249009,G,GGCCAGCGTG,V769_770insASV,DOID:1324 / lung cancer,
7,55249012,C,CGGCACA,D770_N771insGT,DOID:1324 / lung cancer,
7,55249012,C,CGGGTTA,D770_N771insGL,DOID:1324 / lung cancer,
7,55249071,C,T,T790M,DOID:1324 / lung cancer,
7,55249071,C,T,T790M,DOID:1324 / lung cancer,
7,55249071,C,T,T790M,DOID:1324 / lung cancer,
7,55249071,C,T,T790M,DOID:1324 / lung cancer,
7,55249071,C,T,T790M,DOID:1324 / lung cancer,
7,55249071,C,T,T790M,DOID:1324 / lung cancer,
7,55249071,C,T,T790M,DOID:1324 / lung cancer,
7,55249071,C,T,T790M,DOID:1324 / lung cancer,
7,55249071,C,T,T790M,DOID:1324 / lung cancer,
7,55249071,C,T,T790M,DOID:1324 / lung cancer,
7,55249071,C,T,T790M,DOID:1324 / lung cancer,
7,55249071,C,T,T790M,NA,
7,55249071,C,T,T790M,DOID:1324 / lung cancer,
7,55249071,C,T,T790M,DOID:1324 / lung cancer,
7,55249071,C,T,T790M,DOID:1324 / lung cancer,
7,55249071,C,T,T790M,DOID:1324 / lung cancer,
7,55249071,C,T,T790M,DOID:1324 / lung cancer,
7,55249071,C,T,T790M,DOID:1324 / lung cancer,
7,55249071,C,T,T790M,DOID:1324 / lung cancer,
7,55249071,C,T,T790M,DOID:1324 / lung cancer,
7,55249071,C,T,T790M,DOID:1324 / lung cancer,
7,55249071,C,T,T790M,DOID:1324 / lung cancer,
7,55249071,C,T,T790M,DOID:1324 / lung cancer,
7,55249071,C,T,T790M,DOID:1324 / lung cancer,
7,55249071,C,T,T790M,DOID:1324 / lung cancer,
7,55249071,C,T,T790M,DOID:1324 / lung cancer,
7,55249071,C,T,T790M,DOID:1324 / lung cancer,
7,55249071,C,T,T790M,DOID:1793 / pancreatic cancer,
7,55249071,C,T,T790M,DOID:1324 / lung cancer,
7,55249071,C,T,T790M,DOID:1324 / lung cancer,
7,55249071,C,T,T790M,DOID:1324 / lung cancer,
7,55249091,T,A,C797S,DOID:1324 / lung cancer,
7,55249091,T,A,C797S,DOID:1324 / lung cancer,
7,55249092,G,A,C797Y,DOID:1790 / malignant mesothelioma,
7,55249118,A,G,K806E,DOID:1324 / lung cancer,
7,55259418,A,T,N826Y,DOID:1324 / lung cancer,
7,55259434,G,A,R831H,DOID:1790 / malignant mesothelioma,
7,55259515,T,G,L858R,DOID:1324 / lung cancer,
7,55259515,T,G,L858R,DOID:1324 / lung cancer,
7,55259515,T,G,L858R,DOID:1324 / lung cancer,
7,55259515,T,G,L858R,DOID:1324 / lung cancer,
7,55259515,T,G,L858R,DOID:1324 / lung cancer,
7,55259515,T,G,L858R,DOID:1324 / lung cancer,
7,55259515,T,G,L858R,DOID:1324 / lung cancer,
7,55259515,T,G,L858R,DOID:1324 / lung cancer,
7,55259515,T,G,L858R,DOID:1324 / lung cancer,
7,55259515,T,G,L858R,DOID:1324 / lung cancer,
7,55259515,T,G,L858R,DOID:1324 / lung cancer,
7,55259515,T,G,L858R,DOID:1324 / lung cancer,
7,55259515,T,G,L858R,DOID:1324 / lung cancer,
7,55259515,T,G,L858R,DOID:1324 / lung cancer,
7,55259515,T,G,L858R,DOID:1324 / lung cancer,
7,55259515,T,G,L858R,DOID:1324 / lung cancer,
7,55259515,T,G,L858R,NA,
7,55259515,T,G,L858R,DOID:1324 / lung cancer,
7,55259515,T,G,L858R,NA,
7,55259515,T,G,L858R,DOID:1324 / lung cancer,
7,55259515,T,G,L858R,DOID:1324 / lung cancer,
7,55259515,T,G,L858R,DOID:1324 / lung cancer,
7,55259515,T,G,L858R,DOID:1324 / lung cancer,
7,55259515,T,G,L858R,DOID:1324 / lung cancer,
7,55259515,T,G,L858R,DOID:1324 / lung cancer,
7,55259515,T,G,L858R,DOID:1324 / lung cancer,
7,55259515,T,G,L858R,DOID:1319 / brain cancer,
7,55259515,T,G,L858R,DOID:1324 / lung cancer,
7,55259515,T,G,L858R,DOID:1324 / lung cancer,
7,55259515,T,G,L858R,DOID:1324 / lung cancer,
7,55259515,T,G,L858R,DOID:1324 / lung cancer,
7,55259515,T,G,L858R,NA,
7,55259515,T,G,L858R,DOID:1324 / lung cancer,
7,55259515,T,G,L858R,DOID:1324 / lung cancer,
7,55259515,T,G,L858R,DOID:1324 / lung cancer,
7,55259515,T,G,L858R,DOID:1324 / lung cancer,
7,55259515,T,G,L858R,DOID:1324 / lung cancer,
7,55259515,T,G,L858R,DOID:1324 / lung cancer,
7,55259532,G,A,A864T,DOID:1324 / lung cancer,
7,87138645,A,G,I1145I,DOID:1324 / lung cancer,
7,87138645,A,G,I1145I,DOID:1612 / breast cancer,
7,87160618,A,T,S893T,DOID:2394 / ovarian cancer,
7,87160618,A,C,S893A/T,DOID:1612 / breast cancer,
7,116423407,G,A,D1228N,DOID:1324 / lung cancer,
7,116423408,A,T,D1228V,DOID:1324 / lung cancer,
7,116423408,A,T,D1228V,DOID:1324 / lung cancer,
7,128846398,C,T,L412F,DOID:4159 / skin cancer ,
7,128846398,C,T,L412F,DOID:4159 / skin cancer ,
7,128849189,G,C,D473H,DOID:1319 / brain cancer,
7,128849189,G,C,D473H,DOID:1319 / brain cancer,
7,128849189,G,C,D473H,DOID:4159 / skin cancer ,
7,140434507,G,T,P731T,NA,
7,140434515,G,A,A728V,NA,
7,140453118,C,T,G606E,NA,
7,140453134,T,C,K601E,DOID:4159 / skin cancer,
7,140453135,CA,AT,V600D,DOID:4159 / skin cancer,
7,140453135,CA,AT,V600D,DOID:4159 / skin cancer,
7,140453135,CA,AT,V600D,DOID:4159 / skin cancer,
7,140453135,CA,AT,V600D,DOID:4159 / skin cancer,
7,140453135,CA,AT,V600D,DOID:4159 / skin cancer,
7,140453136,A,T,V600E,DOID:2394 / ovarian cancer,
7,140453136,A,T,V600E,DOID:1781 / thyroid gland cancer,
7,140453136,A,T,V600E,DOID:9256 / colorectal cancer,
7,140453136,A,T,V600E,DOID:4159 / skin cancer,
7,140453136,A,T,V600E,DOID:9256 / colorectal cancer,
7,140453136,A,T,V600E,DOID:9256 / colorectal cancer,
7,140453136,A,T,V600E,DOID:9256 / colorectal cancer,
7,140453136,A,T,V600E,DOID:4159 / skin cancer,
7,140453136,A,T,V600E,DOID:4159 / skin cancer,
7,140453136,A,T,V600E,DOID:9256 / colorectal cancer,
7,140453136,A,T,V600E,DOID:1324 / lung cancer,
7,140453136,A,T,V600E,DOID:1781 / thyroid gland cancer,
7,140453136,A,T,V600E,DOID:4159 / skin cancer,
7,140453136,A,T,V600E,DOID:4606 / bile duct cancer,
7,140453136,A,T,V600E,DOID:4159 / skin cancer,
7,140453136,A,T,V600E,DOID:9253 / gastrointestinal stromal tumor,
7,140453136,A,T,V600E,DOID:2531 / hematologic cancer,
7,140453136,A,T,V600E,DOID:9256 / colorectal cancer,
7,140453136,A,T,V600E,DOID:1781 / thyroid gland cancer,
7,140453136,A,T,V600E,DOID:2531 / hematologic cancer,
7,140453136,A,T,V600E,DOID:2531 / hematologic cancer,
7,140453136,A,T,V600E,DOID:4159 / skin cancer,
7,140453136,A,T,V600E,DOID:1781 / thyroid gland cancer,
7,140453136,A,T,V600E,DOID:9256 / colorectal cancer,
7,140453136,A,T,V600E,DOID:9256 / colorectal cancer,
7,140453136,A,T,V600E,DOID:9256 / colorectal cancer,
7,140453136,A,T,V600E,DOID:9256 / colorectal cancer,
7,140453136,A,T,V600E,DOID:2531 / hematologic cancer,
7,140453136,A,T,V600E,DOID:4159 / skin cancer,
7,140453136,A,T,V600E,DOID:4159 / skin cancer,
7,140453136,A,T,V600E,DOID:4159 / skin cancer,
7,140453136,A,T,V600E,DOID:1781 / thyroid gland cancer,
7,140453136,A,T,V600E,DOID:2596 / larynx cancer,
7,140453136,A,T,V600E,NA,
7,140453136,A,T,V600E,DOID:2394 / ovarian cancer,
7,140453136,A,T,V600E,DOID:9256 / colorectal cancer,
7,140453136,A,T,V600E,DOID:9256 / colorectal cancer,
7,140453136,A,T,V600E,DOID:9256 / colorectal cancer,
7,140453136,A,T,V600E,DOID:9256 / colorectal cancer,
7,140453136,A,T,V600E,DOID:9256 / colorectal cancer,
7,140453136,A,T,V600E,DOID:9256 / colorectal cancer,
7,140453136,A,T,V600E,DOID:9256 / colorectal cancer,
7,140453136,A,T,V600E,DOID:9256 / colorectal cancer,
7,140453136,A,T,V600E,DOID:4159 / skin cancer,
7,140453136,A,T,V600E,DOID:4159 / skin cancer,
7,140453136,A,T,V600E,DOID:4159 / skin cancer,
7,140453136,A,T,V600E,DOID:1324 / lung cancer,
7,140453136,A,T,V600E,DOID:9256 / colorectal cancer,
7,140453136,A,T,V600E,DOID:9256 / colorectal cancer,
7,140453136,A,T,V600E,DOID:4159 / skin cancer,
7,140453136,A,T,V600E,DOID:4159 / skin cancer,
7,140453136,A,T,V600E,DOID:4159 / skin cancer,
7,140453136,A,T,V600E,DOID:4159 / skin cancer,
7,140453136,A,T,V600E,DOID:1781 / thyroid gland cancer,
7,140453136,A,T,V600E,NA,
7,140453136,A,T,V600E,DOID:4606 / bile duct cancer,
7,140453136,A,T,V600E,DOID:4606 / bile duct cancer,
7,140453136,A,T,V600E,DOID:4606 / bile duct cancer,
7,140453136,A,T,V600E,DOID:9256 / colorectal cancer,
7,140453136,A,T,V600E,DOID:1324 / lung cancer,
7,140453136,A,T,V600E,DOID:9256 / colorectal cancer,
7,140453136,A,T,V600E,DOID:9256 / colorectal cancer,
7,140453136,A,T,V600E,DOID:9256 / colorectal cancer,
7,140453136,A,T,V600E,DOID:9256 / colorectal cancer,
7,140453136,A,T,V600E,DOID:4159 / skin cancer,
7,140453136,A,T,V600E,DOID:9256 / colorectal cancer,
7,140453136,A,T,V600E,DOID:4159 / skin cancer,
7,140453136,A,T,V600E,DOID:9256 / colorectal cancer,
7,140453136,A,T,V600E,DOID:4159 / skin cancer,
7,140453136,A,T,V600E,NA,
7,140453136,A,T,V600E,DOID:9256 / colorectal cancer,
7,140453136,A,T,V600E,DOID:9256 / colorectal cancer,
7,140453136,A,T,V600E,DOID:4159 / skin cancer,
7,140453136,A,T,V600E,DOID:1781 / thyroid gland cancer,
7,140453136,A,T,V600E,DOID:1781 / thyroid gland cancer,
7,140453136,A,T,V600E,DOID:9256 / colorectal cancer,
7,140453136,A,T,V600E,DOID:1781 / thyroid gland cancer,
7,140453136,A,T,V600E,DOID:1781 / thyroid gland cancer,
7,140453136,A,T,V600E,DOID:9256 / colorectal cancer,
7,140453136,A,T,V600E,DOID:9256 / colorectal cancer,
7,140453136,A,T,V600E,DOID:1781 / thyroid gland cancer,
7,140453136,A,T,V600E,DOID:9256 / colorectal cancer,
7,140453136,A,T,V600E,DOID:9256 / colorectal cancer,
7,140453136,A,T,V600E,NA,
7,140453136,A,T,V600E,DOID:1781 / thyroid gland cancer,
7,140453136,A,T,V600E,DOID:1781 / thyroid gland cancer,
7,140453136,A,T,V600E,DOID:1781 / thyroid gland cancer,
7,140453136,A,T,V600E,DOID:4159 / skin cancer,
7,140453136,A,T,V600E,DOID:2531 / hematologic cancer,
7,140453136,A,T,V600E,DOID:1781 / thyroid gland cancer,
7,140453136,A,T,V600E,DOID:2531 / hematologic cancer,
7,140453136,A,T,V600E,DOID:1781 / thyroid gland cancer,
7,140453136,A,T,V600E,DOID:9256 / colorectal cancer,
7,140453136,A,T,V600E,DOID:4159 / skin cancer,
7,140453136,A,T,V600E,DOID:4159 / skin cancer,
7,140453136,AC,TT,V600K,DOID:4159 / skin cancer,
7,140453136,AC,TT,V600K,DOID:4159 / skin cancer,
7,140453136,AC,TT,V600K,DOID:4159 / skin cancer,
7,140453136,AC,TT,V600K,DOID:4159 / skin cancer,
7,140453136,AC,TT,V600K,DOID:4159 / skin cancer,
7,140453136,AC,TT,V600K,DOID:4159 / skin cancer,
7,140453136,AC,TT,V600K,DOID:4159 / skin cancer,
7,140453136,AC,TT,V600K,DOID:4159 / skin cancer,
7,140453136,AC,TT,V600K,DOID:4159 / skin cancer,
7,140453136,AC,TT,V600K,DOID:4159 / skin cancer,
7,140453142,G,A,A598V,DOID:4159 / skin cancer,
7,140453145,A,T,L597Q,DOID:4159 / skin cancer,
7,140453145,A,T,L597Q,DOID:4159 / skin cancer,
7,140453145,A,T,L597Q,NA,
7,140453145,A,C,L597R,DOID:4159 / skin cancer,
7,140453145,A,C,L597R,DOID:4159 / skin cancer,
7,140453145,AG,GA,L597S,DOID:4159 / skin cancer,
7,140453145,AG,GA,L597S,DOID:4159 / skin cancer,
7,140453146,G,C,L597V,DOID:4159 / skin cancer,
7,140453149,C,G,G596R,DOID:9256 / colorectal cancer,
7,140453149,C,G,G596R,NA,
7,140453149,C,A,G596C,DOID:1324 / lung cancer,
7,140453154,T,A,D594V,DOID:4159 / skin cancer,
7,140453154,T,C,D594G,NA,
7,140453154,T,C,D594G,DOID:9256 / colorectal cancer,
7,140453154,T,C,D594G,DOID:9256 / colorectal cancer,
7,140453154,T,C,D594G,DOID:9256 / colorectal cancer,
7,140453154,T,C,D594G,DOID:9256 / colorectal cancer,
7,140453154,T,C,D594G,NA,
7,140453154,T,C,D594G,DOID:4159 / skin cancer,
7,140453154,T,C,D594G,DOID:4159 / skin cancer,
7,140453154,T,C,D594G,DOID:9256 / colorectal cancer,
7,140453154,T,G,D594A,DOID:4159 / skin cancer,
7,140453193,T,C,N581S,NA,
7,140477794,A,T,L505H,DOID:4159 / skin cancer,
7,140477794,A,T,L505H,DOID:4159 / skin cancer,
7,140477837,TAGGTGCTGTCACATTCAA,T,DEL_485-490,NA,
7,140477859,TT,CA,K483M,DOID:4159 / skin cancer,
7,140481402,C,T,G469E,DOID:4159 / skin cancer,
7,140481402,C,T,G469E,DOID:4159 / skin cancer,
7,140481402,C,G,G469A,NA,
7,140481411,C,A,G466V,NA,
7,140481411,C,A,G466V,NA,
7,140481411,C,A,G466V,DOID:9256 / colorectal cancer,
7,140481411,C,A,G466V,DOID:9256 / colorectal cancer,
7,140481417,C,A,G464V,NA,
7,148524752,C,C,Intron_6_Mutation,DOID:9256 / colorectal cancer,
8,38274849,G,T,N546K,DOID:184 / bone cancer,
8,68939530,G,T,R172I,DOID:4159 / skin cancer,
9,5070053,G,GG,c.1641+1dup,DOID:4159 / skin cancer,
9,5070054,T,G,Splice_Site_(c.1641+2T>G),DOID:4159 / skin cancer,
9,5073770,G,T,V617F,DOID:2531 / hematologic cancer,
9,5073770,G,T,V617F,DOID:2531 / hematologic cancer,
9,5073770,G,T,V617F,DOID:2531 / hematologic cancer,
9,5073770,G,T,V617F,DOID:2531 / hematologic cancer,
9,5073770,G,T,V617F,DOID:2531 / hematologic cancer,
9,8521481,C,T,V253I,DOID:184 / bone cancer,
9,21975017,C,T,RS3814960,DOID:5041 / esophageal cancer,
9,80409488,T,G,Q209P,DOID:4159 / skin cancer,
9,80409488,T,G,Q209P,DOID:4159 / skin cancer,
9,133738330,A,G,BCR-ABL_M244V,DOID:2531 / hematologic cancer,
9,133738330,A,G,BCR-ABL_M244V,NA,
9,133738330,A,G,BCR-ABL_M244V,DOID:2531 / hematologic cancer,
9,133738330,A,G,BCR-ABL_M244V,DOID:2531 / hematologic cancer,
9,133738330,A,G,BCR-ABL_M244V,DOID:2531 / hematologic cancer,
9,133738330,A,G,BCR-ABL_M244V,DOID:2531 / hematologic cancer,
9,133738330,A,G,BCR-ABL_M244V,DOID:2531 / hematologic cancer,
9,133738330,A,G,BCR-ABL_M244V,DOID:2531 / hematologic cancer,
9,133738330,A,G,BCR-ABL_M244V,DOID:2531 / hematologic cancer,
9,133738330,A,G,BCR-ABL_M244V,DOID:2531 / hematologic cancer,
9,133738330,A,G,BCR-ABL_M244V,NA,
9,133738330,A,G,BCR-ABL_M244V,DOID:2531 / hematologic cancer,
9,133738330,A,G,BCR-ABL_M244V,DOID:2531 / hematologic cancer,
9,133738330,A,G,BCR-ABL_M244V,NA,
9,133738342,C,G,BCR-ABL_L248V,DOID:2531 / hematologic cancer,
9,133738342,C,G,BCR-ABL_L248V,DOID:2531 / hematologic cancer,
9,133738342,C,G,BCR-ABL_L248V,DOID:2531 / hematologic cancer,
9,133738342,C,G,BCR-ABL_L248V,DOID:2531 / hematologic cancer,
9,133738342,C,G,BCR-ABL_L248V,DOID:2531 / hematologic cancer,
9,133738342,C,G,BCR-ABL_L248V,DOID:2531 / hematologic cancer,
9,133738342,C,G,BCR-ABL_L248V,DOID:2531 / hematologic cancer,
9,133738342,C,G,BCR-ABL_L248V,DOID:2531 / hematologic cancer,
9,133738342,C,G,BCR-ABL_L248V,DOID:2531 / hematologic cancer,
9,133738343,T,G,BCR-ABL_L248R,DOID:2531 / hematologic cancer,
9,133738343,T,G,BCR-ABL_L248R,DOID:2531 / hematologic cancer,
9,133738343,T,G,BCR-ABL_L248R,DOID:2531 / hematologic cancer,
9,133738349,G,A,BCR-ABL_G250E,DOID:2531 / hematologic cancer,
9,133738349,G,A,BCR-ABL_G250E,DOID:2531 / hematologic cancer,
9,133738349,G,A,BCR-ABL_G250E,DOID:2531 / hematologic cancer,
9,133738349,G,A,BCR-ABL_G250E,DOID:2531 / hematologic cancer,
9,133738349,G,A,BCR-ABL_G250E,DOID:2531 / hematologic cancer,
9,133738349,G,A,BCR-ABL_G250E,DOID:2531 / hematologic cancer,
9,133738349,G,A,BCR-ABL_G250E,DOID:2531 / hematologic cancer,
9,133738349,G,A,BCR-ABL_G250E,DOID:2531 / hematologic cancer,
9,133738349,G,A,BCR-ABL_G250E,DOID:2531 / hematologic cancer,
9,133738349,G,A,BCR-ABL_G250E,DOID:2531 / hematologic cancer,
9,133738349,G,A,BCR-ABL_G250E,DOID:2531 / hematologic cancer,
9,133738349,G,A,BCR-ABL_G250E,DOID:2531 / hematologic cancer,
9,133738349,G,A,BCR-ABL_G250E,DOID:2531 / hematologic cancer,
9,133738349,G,A,BCR-ABL_G250E,NA,
9,133738349,G,A,BCR-ABL_G250E,NA,
9,133738349,G,A,BCR-ABL_G250E,NA,
9,133738356,G,C,BCR-ABL_Q252H,DOID:2531 / hematologic cancer,
9,133738356,G,C,BCR-ABL_Q252H,NA,
9,133738356,G,C,BCR-ABL_Q252H,DOID:2531 / hematologic cancer,
9,133738356,G,C,BCR-ABL_Q252H,DOID:2531 / hematologic cancer,
9,133738356,G,C,BCR-ABL_Q252H,DOID:2531 / hematologic cancer,
9,133738356,G,C,BCR-ABL_Q252H,DOID:2531 / hematologic cancer,
9,133738356,G,C,BCR-ABL_Q252H,DOID:2531 / hematologic cancer,
9,133738356,G,C,BCR-ABL_Q252H,DOID:2531 / hematologic cancer,
9,133738356,G,C,BCR-ABL_Q252H,NA,
9,133738357,T,C,BCR-ABL_Y253H,DOID:2531 / hematologic cancer,
9,133738357,T,C,BCR-ABL_Y253H,DOID:2531 / hematologic cancer,
9,133738357,T,C,BCR-ABL_Y253H,DOID:2531 / hematologic cancer,
9,133738357,T,C,BCR-ABL_Y253H,DOID:2531 / hematologic cancer,
9,133738357,T,C,BCR-ABL_Y253H,DOID:2531 / hematologic cancer,
9,133738357,T,C,BCR-ABL_Y253H,DOID:2531 / hematologic cancer,
9,133738357,T,C,BCR-ABL_Y253H,DOID:2531 / hematologic cancer,
9,133738357,T,C,BCR-ABL_Y253H,DOID:2531 / hematologic cancer,
9,133738357,T,C,BCR-ABL_Y253H,DOID:2531 / hematologic cancer,
9,133738357,T,C,BCR-ABL_Y253H,DOID:2531 / hematologic cancer,
9,133738357,T,C,BCR-ABL_Y253H,DOID:2531 / hematologic cancer,
9,133738357,T,C,BCR-ABL_Y253H,DOID:2531 / hematologic cancer,
9,133738357,T,C,BCR-ABL_Y253H,DOID:2531 / hematologic cancer,
9,133738358,A,T,BCR-ABL_Y253F,NA,
9,133738358,A,T,BCR-ABL_Y253F,DOID:2531 / hematologic cancer,
9,133738358,A,T,BCR-ABL_Y253F,DOID:2531 / hematologic cancer,
9,133738358,A,T,BCR-ABL_Y253F,DOID:2531 / hematologic cancer,
9,133738358,A,T,BCR-ABL_Y253F,DOID:2531 / hematologic cancer,
9,133738363,G,A,BCR-ABL_E255K,DOID:2531 / hematologic cancer,
9,133738363,G,A,BCR-ABL_E255K,DOID:2531 / hematologic cancer,
9,133738363,G,A,BCR-ABL_E255K,DOID:2531 / hematologic cancer,
9,133738363,G,A,BCR-ABL_E255K,DOID:2531 / hematologic cancer,
9,133738363,G,A,BCR-ABL_E255K,DOID:2531 / hematologic cancer,
9,133738363,G,A,BCR-ABL_E255K,DOID:2531 / hematologic cancer,
9,133738363,G,A,BCR-ABL_E255K,DOID:2531 / hematologic cancer,
9,133738363,G,A,BCR-ABL_E255K,DOID:2531 / hematologic cancer,
9,133738363,G,A,BCR-ABL_E255K,DOID:2531 / hematologic cancer,
9,133738363,G,A,BCR-ABL_E255K,DOID:2531 / hematologic cancer,
9,133738363,G,A,BCR-ABL_E255K,DOID:2531 / hematologic cancer,
9,133738363,G,A,BCR-ABL_E255K,DOID:2531 / hematologic cancer,
9,133738363,G,A,BCR-ABL_E255K,DOID:2531 / hematologic cancer,
9,133738363,G,A,BCR-ABL_E255K,DOID:2531 / hematologic cancer,
9,133738363,G,A,BCR-ABL_E255K,DOID:2531 / hematologic cancer,
9,133738363,G,A,BCR-ABL_E255K,DOID:2531 / hematologic cancer,
9,133738363,G,A,BCR-ABL_E255K,DOID:2531 / hematologic cancer,
9,133738363,G,A,BCR-ABL_E255K,DOID:2531 / hematologic cancer,
9,133738363,G,A,BCR-ABL_E255K,DOID:2531 / hematologic cancer,
9,133738364,A,T,BCR-ABL_E255V,DOID:2531 / hematologic cancer,
9,133738364,A,T,BCR-ABL_E255V,DOID:2531 / hematologic cancer,
9,133738364,A,T,BCR-ABL_E255V,DOID:2531 / hematologic cancer,
9,133738364,A,T,BCR-ABL_E255V,DOID:2531 / hematologic cancer,
9,133738364,A,T,BCR-ABL_E255V,DOID:2531 / hematologic cancer,
9,133738364,A,T,BCR-ABL_E255V,DOID:2531 / hematologic cancer,
9,133738364,A,T,BCR-ABL_E255V,DOID:2531 / hematologic cancer,
9,133738364,A,T,BCR-ABL_E255V,DOID:2531 / hematologic cancer,
9,133738364,A,T,BCR-ABL_E255V,DOID:2531 / hematologic cancer,
9,133738364,A,T,BCR-ABL_E255V,DOID:2531 / hematologic cancer,
9,133747520,A,G,BCR-ABL_D276G,DOID:2531 / hematologic cancer,
9,133747520,A,G,BCR-ABL_D276G,DOID:2531 / hematologic cancer,
9,133747520,A,G,BCR-ABL_D276G,DOID:2531 / hematologic cancer,
9,133747520,A,G,BCR-ABL_D276G,DOID:2531 / hematologic cancer,
9,133747520,A,G,BCR-ABL_D276G,DOID:2531 / hematologic cancer,
9,133747520,A,G,BCR-ABL_D276G,DOID:2531 / hematologic cancer,
9,133747528,G,A,BCR-ABL_E279K,DOID:2531 / hematologic cancer,
9,133747568,A,T,BCR-ABL_E292V,DOID:2531 / hematologic cancer,
9,133747585,C,G,L298V,DOID:2531 / hematologic cancer,
9,133747588,G,C,BCR-ABL_V299L,DOID:2531 / hematologic cancer,
9,133747588,G,C,BCR-ABL_V299L,DOID:2531 / hematologic cancer,
9,133747588,G,C,BCR-ABL_V299L,DOID:2531 / hematologic cancer,
9,133747588,G,C,BCR-ABL_V299L,DOID:2531 / hematologic cancer,
9,133747588,G,C,BCR-ABL_V299L,DOID:2531 / hematologic cancer,
9,133747588,G,C,BCR-ABL_V299L,DOID:2531 / hematologic cancer,
9,133747588,G,C,BCR-ABL_V299L,DOID:2531 / hematologic cancer,
9,133747588,G,C,BCR-ABL_V299L,DOID:2531 / hematologic cancer,
9,133747592,A,G,BCR-ABL_Q300R,DOID:2531 / hematologic cancer,
9,133747592,A,G,BCR-ABL_Q300R,DOID:2531 / hematologic cancer,
9,133748270,T,C,BCR-ABL_F311L,DOID:2531 / hematologic cancer,
9,133748270,T,C,BCR-ABL_F311L,DOID:2531 / hematologic cancer,
9,133748270,T,A,BCR-ABL_F311I,DOID:2531 / hematologic cancer,
9,133748282,A,G,BCR-ABL_T315A,NA,
9,133748282,A,G,BCR-ABL_T315A,NA,
9,133748282,A,G,BCR-ABL_T315A,DOID:2531 / hematologic cancer,
9,133748282,A,G,BCR-ABL_T315A,DOID:2531 / hematologic cancer,
9,133748283,C,T,BCR-ABL_T315I,DOID:2531 / hematologic cancer,
9,133748283,C,T,BCR-ABL_T315I,DOID:2531 / hematologic cancer,
9,133748283,C,T,BCR-ABL_T315I,DOID:2531 / hematologic cancer,
9,133748283,C,T,BCR-ABL_T315I,DOID:2531 / hematologic cancer,
9,133748283,C,T,BCR-ABL_T315I,DOID:2531 / hematologic cancer,
9,133748283,C,T,BCR-ABL_T315I,DOID:2531 / hematologic cancer,
9,133748283,C,T,BCR-ABL_T315I,DOID:2531 / hematologic cancer,
9,133748283,C,T,BCR-ABL_T315I,DOID:2531 / hematologic cancer,
9,133748283,C,T,BCR-ABL_T315I,DOID:2531 / hematologic cancer,
9,133748283,C,T,BCR-ABL_T315I,DOID:2531 / hematologic cancer,
9,133748283,C,T,BCR-ABL_T315I,DOID:2531 / hematologic cancer,
9,133748283,C,T,BCR-ABL_T315I,DOID:2531 / hematologic cancer,
9,133748283,C,T,BCR-ABL_T315I,DOID:2531 / hematologic cancer,
9,133748283,C,T,BCR-ABL_T315I,DOID:2531 / hematologic cancer,
9,133748283,C,T,BCR-ABL_T315I,DOID:2531 / hematologic cancer,
9,133748283,C,T,BCR-ABL_T315I,DOID:2531 / hematologic cancer,
9,133748283,C,T,BCR-ABL_T315I,DOID:2531 / hematologic cancer,
9,133748283,C,T,BCR-ABL_T315I,DOID:2531 / hematologic cancer,
9,133748283,C,T,BCR-ABL_T315I,DOID:2531 / hematologic cancer,
9,133748283,C,T,BCR-ABL_T315I,DOID:2531 / hematologic cancer,
9,133748283,C,T,BCR-ABL_T315I,NA,
9,133748283,C,T,BCR-ABL_T315I,DOID:2531 / hematologic cancer,
9,133748283,C,T,BCR-ABL_T315I,DOID:2531 / hematologic cancer,
9,133748283,C,T,BCR-ABL_T315I,DOID:2531 / hematologic cancer,
9,133748283,C,T,BCR-ABL_T315I,DOID:2531 / hematologic cancer,
9,133748288,T,C,BCR-ABL_F317L,DOID:2531 / hematologic cancer,
9,133748288,T,C,BCR-ABL_F317L,DOID:2531 / hematologic cancer,
9,133748288,T,C,BCR-ABL_F317L,DOID:2531 / hematologic cancer,
9,133748288,T,C,BCR-ABL_F317L,DOID:2531 / hematologic cancer,
9,133748288,T,C,BCR-ABL_F317L,DOID:2531 / hematologic cancer,
9,133748288,T,C,BCR-ABL_F317L,DOID:2531 / hematologic cancer,
9,133748288,T,C,BCR-ABL_F317L,DOID:2531 / hematologic cancer,
9,133748288,T,C,BCR-ABL_F317L,DOID:2531 / hematologic cancer,
9,133748288,T,C,BCR-ABL_F317L,DOID:2531 / hematologic cancer,
9,133748288,T,C,BCR-ABL_F317L,DOID:2531 / hematologic cancer,
9,133748288,T,C,BCR-ABL_F317L,DOID:2531 / hematologic cancer,
9,133748288,T,C,BCR-ABL_F317L,DOID:2531 / hematologic cancer,
9,133748288,T,C,BCR-ABL_F317L,DOID:2531 / hematologic cancer,
9,133748288,T,C,BCR-ABL_F317L,DOID:2531 / hematologic cancer,
9,133748288,T,C,BCR-ABL_F317L,DOID:2531 / hematologic cancer,
9,133748288,T,C,BCR-ABL_F317L,DOID:2531 / hematologic cancer,
9,133748288,T,C,BCR-ABL_F317L,DOID:2531 / hematologic cancer,
9,133748288,T,C,BCR-ABL_F317L,NA,
9,133748288,T,C,BCR-ABL_F317L,NA,
9,133748288,T,C,BCR-ABL_F317L,DOID:2531 / hematologic cancer,
9,133748288,T,G,BCR-ABL_F317V,NA,
9,133748288,T,G,BCR-ABL_F317V,NA,
9,133748288,T,G,BCR-ABL_F317V,DOID:2531 / hematologic cancer,
9,133748288,T,G,BCR-ABL_F317V,DOID:2531 / hematologic cancer,
9,133748288,T,G,BCR-ABL_F317V,DOID:2531 / hematologic cancer,
9,133748288,T,A,BCR-ABL_F317I,DOID:2531 / hematologic cancer,
9,133748288,T,A,BCR-ABL_F317I,DOID:2531 / hematologic cancer,
9,133748289,T,G,BCR-ABL_F317C,DOID:2531 / hematologic cancer,
9,133748289,T,C,BCR-ABL_F317S,DOID:2531 / hematologic cancer,
9,133748300,GG,CT,G340L,DOID:1324 / lung cancer,
9,133748331,A,G,BCR-ABL_N331S,DOID:2531 / hematologic cancer,
9,133748333,C,T,R351W,DOID:1324 / lung cancer,
9,133748333,C,T,R351W,DOID:1324 / lung cancer,
9,133748346,A,G,BCR-ABL_N336S,DOID:2531 / hematologic cancer,
9,133748346,A,G,BCR-ABL_N336S,DOID:2531 / hematologic cancer,
9,133748367,T,C,BCR-ABL_M343T,DOID:2531 / hematologic cancer,
9,133748391,T,C,BCR-ABL_M351T,DOID:2531 / hematologic cancer,
9,133748391,T,C,BCR-ABL_M351T,DOID:2531 / hematologic cancer,
9,133748391,T,C,BCR-ABL_M351T,DOID:2531 / hematologic cancer,
9,133748391,T,C,BCR-ABL_M351T,DOID:2531 / hematologic cancer,
9,133748391,T,C,BCR-ABL_M351T,DOID:2531 / hematologic cancer,
9,133748391,T,C,BCR-ABL_M351T,DOID:2531 / hematologic cancer,
9,133748391,T,C,BCR-ABL_M351T,DOID:2531 / hematologic cancer,
9,133748391,T,C,BCR-ABL_M351T,DOID:2531 / hematologic cancer,
9,133748391,T,C,BCR-ABL_M351T,DOID:2531 / hematologic cancer,
9,133748391,T,C,BCR-ABL_M351T,DOID:2531 / hematologic cancer,
9,133748391,T,C,BCR-ABL_M351T,DOID:2531 / hematologic cancer,
9,133748391,T,C,BCR-ABL_M351T,NA,
9,133748391,T,C,BCR-ABL_M351T,DOID:2531 / hematologic cancer,
9,133748391,T,C,BCR-ABL_M351T,NA,
9,133748403,A,G,BCR-ABL_E355G,DOID:2531 / hematologic cancer,
9,133748403,A,G,BCR-ABL_E355G,DOID:2531 / hematologic cancer,
9,133748403,A,G,BCR-ABL_E355G,DOID:2531 / hematologic cancer,
9,133748403,A,G,BCR-ABL_E355G,DOID:2531 / hematologic cancer,
9,133748403,A,G,BCR-ABL_E355G,DOID:2531 / hematologic cancer,
9,133748403,A,G,BCR-ABL_E355G,DOID:2531 / hematologic cancer,
9,133748403,A,G,BCR-ABL_E355G,DOID:2531 / hematologic cancer,
9,133748403,A,G,BCR-ABL_E355G,DOID:2531 / hematologic cancer,
9,133748414,T,G,BCR-ABL_F359V,DOID:2531 / hematologic cancer,
9,133748414,T,G,BCR-ABL_F359V,DOID:2531 / hematologic cancer,
9,133748414,T,G,BCR-ABL_F359V,DOID:2531 / hematologic cancer,
9,133748414,T,G,BCR-ABL_F359V,DOID:2531 / hematologic cancer,
9,133748414,T,G,BCR-ABL_F359V,DOID:2531 / hematologic cancer,
9,133748414,T,G,BCR-ABL_F359V,DOID:2531 / hematologic cancer,
9,133748414,T,G,BCR-ABL_F359V,DOID:2531 / hematologic cancer,
9,133748414,T,G,BCR-ABL_F359V,DOID:2531 / hematologic cancer,
9,133748414,T,G,BCR-ABL_F359V,DOID:2531 / hematologic cancer,
9,133748414,T,G,BCR-ABL_F359V,DOID:2531 / hematologic cancer,
9,133748414,T,G,BCR-ABL_F359V,DOID:2531 / hematologic cancer,
9,133748414,T,G,BCR-ABL_F359V,DOID:2531 / hematologic cancer,
9,133748414,T,G,BCR-ABL_F359V,DOID:2531 / hematologic cancer,
9,133748414,T,G,BCR-ABL_F359V,DOID:2531 / hematologic cancer,
9,133748414,T,G,BCR-ABL_F359V,DOID:2531 / hematologic cancer,
9,133748414,T,A,BCR-ABL_F359I,DOID:2531 / hematologic cancer,
9,133748414,T,A,BCR-ABL_F359I,DOID:2531 / hematologic cancer,
9,133748414,T,A,BCR-ABL_F359I,DOID:2531 / hematologic cancer,
9,133748414,T,A,BCR-ABL_F359I,DOID:2531 / hematologic cancer,
9,133748414,T,A,BCR-ABL_F359I,DOID:2531 / hematologic cancer,
9,133748414,T,A,BCR-ABL_F359I,DOID:2531 / hematologic cancer,
9,133748415,T,G,BCR-ABL_F359C,DOID:2531 / hematologic cancer,
9,133748415,T,G,BCR-ABL_F359C,DOID:2531 / hematologic cancer,
9,133748415,T,G,BCR-ABL_F359C,DOID:2531 / hematologic cancer,
9,133748415,T,G,BCR-ABL_F359C,DOID:2531 / hematologic cancer,
9,133748415,T,G,BCR-ABL_F359C,DOID:2531 / hematologic cancer,
9,133748415,T,G,BCR-ABL_F359C,DOID:2531 / hematologic cancer,
9,133748415,T,G,BCR-ABL_F359C,DOID:2531 / hematologic cancer,
9,133748415,T,G,BCR-ABL_F359C,DOID:2531 / hematologic cancer,
9,133748415,T,G,BCR-ABL_F359C,DOID:2531 / hematologic cancer,
9,133750260,T,C,BCR-ABL_L364P,DOID:2531 / hematologic cancer,
9,133750304,G,A,BCR-ABL_V379I,DOID:2531 / hematologic cancer,
9,133750304,G,A,BCR-ABL_V379I,DOID:2531 / hematologic cancer,
9,133750304,G,A,BCR-ABL_V379I,DOID:2531 / hematologic cancer,
9,133750304,G,A,BCR-ABL_V379I,DOID:2531 / hematologic cancer,
9,133750319,C,A,BCR-ABL_L384M,DOID:2531 / hematologic cancer,
9,133750319,C,A,BCR-ABL_L384M,DOID:2531 / hematologic cancer,
9,133750319,C,A,BCR-ABL_L384M,DOID:2531 / hematologic cancer,
9,133750328,T,A,BCR-ABL_L387M,DOID:2531 / hematologic cancer,
9,133750328,T,A,BCR-ABL_L387M,DOID:2531 / hematologic cancer,
9,133750330,G,C,BCR-ABL_L387F,DOID:2531 / hematologic cancer,
9,133750330,G,C,BCR-ABL_L387F,DOID:2531 / hematologic cancer,
9,133750330,G,C,BCR-ABL_L387F,DOID:2531 / hematologic cancer,
9,133750356,A,C,BCR-ABL_H396P,NA,
9,133750356,A,C,BCR-ABL_H396P,NA,
9,133750356,A,C,BCR-ABL_H396P,NA,
9,133750356,A,C,BCR-ABL_H396P,DOID:2531 / hematologic cancer,
9,133750356,A,C,BCR-ABL_H396P,DOID:2531 / hematologic cancer,
9,133750356,A,C,BCR-ABL_H396P,DOID:2531 / hematologic cancer,
9,133750356,A,G,BCR-ABL_H396R,DOID:2531 / hematologic cancer,
9,133750356,A,G,BCR-ABL_H396R,DOID:2531 / hematologic cancer,
9,133750356,A,G,BCR-ABL_H396R,DOID:2531 / hematologic cancer,
9,133750356,A,G,BCR-ABL_H396R,DOID:2531 / hematologic cancer,
9,133750356,A,G,BCR-ABL_H396R,DOID:2531 / hematologic cancer,
9,133750356,A,G,BCR-ABL_H396R,DOID:2531 / hematologic cancer,
9,133750356,A,G,BCR-ABL_H396R,DOID:2531 / hematologic cancer,
9,133750356,A,G,BCR-ABL_H396R,DOID:2531 / hematologic cancer,
9,133750356,A,G,BCR-ABL_H396R,DOID:2531 / hematologic cancer,
9,133750356,A,G,BCR-ABL_H396R,DOID:2531 / hematologic cancer,
9,133750358,G,C,BCR-ABL_A397P,DOID:2531 / hematologic cancer,
9,133750358,G,C,BCR-ABL_A397P,DOID:2531 / hematologic cancer,
9,133750361,G,C,BCR-ABL_G398R,DOID:2531 / hematologic cancer,
9,133750361,G,C,BCR-ABL_G398R,DOID:2531 / hematologic cancer,
9,133750419,C,A,BCR-ABL_S417Y,DOID:2531 / hematologic cancer,
9,133750431,A,G,BCR-ABL_D421G,DOID:2531 / hematologic cancer,
9,133753880,A,T,BCR-ABL_E450V,DOID:2531 / hematologic cancer,
9,133753888,G,A,BCR-ABL_E453K,DOID:2531 / hematologic cancer,
9,133753888,G,C,BCR-ABL_E453Q,DOID:2531 / hematologic cancer,
9,133753889,A,C,BCR-ABL_E453A,DOID:2531 / hematologic cancer,
9,133753889,A,C,BCR-ABL_E453A,DOID:2531 / hematologic cancer,
9,133753906,G,A,BCR-ABL_E459K,DOID:2531 / hematologic cancer,
9,133753906,G,A,BCR-ABL_E459K,DOID:2531 / hematologic cancer,
9,133753906,G,A,BCR-ABL_E459K,DOID:2531 / hematologic cancer,
9,133753906,G,A,BCR-ABL_E459K,DOID:2531 / hematologic cancer,
9,133755469,C,G,BCR-ABL_P480A,DOID:2531 / hematologic cancer,
9,133755488,T,C,BCR-ABL_F486S,DOID:2531 / hematologic cancer,
9,133755488,T,C,BCR-ABL_F486S,DOID:2531 / hematologic cancer,
9,133755488,T,C,BCR-ABL_F486S,DOID:2531 / hematologic cancer,
9,133755488,T,C,BCR-ABL_F486S,DOID:2531 / hematologic cancer,
9,133755488,T,C,BCR-ABL_F486S,DOID:2531 / hematologic cancer,
9,133755488,T,C,BCR-ABL_F486S,DOID:2531 / hematologic cancer,
9,135771933,G,A,R1062W,NA,
9,135771933,G,A,R1062W,NA,
9,139390861,GG,GTGT,V2444FS,DOID:1324 / lung cancer,
9,139391212,G,A,R2327W,DOID:1324 / lung cancer,
9,139391369,G,GA,S2275FS,DOID:1324 / lung cancer,
9,139399219,C,G,D1642H,DOID:1324 / lung cancer,
10,43609070,G,A,C609Y,DOID:1781 / thyroid gland cancer,
10,43609950,C,G,C634W,DOID:1781 / thyroid gland cancer,
10,43617416,T,C,M918T,DOID:1781 / thyroid gland cancer,
10,43617416,T,C,M918T,DOID:1781 / thyroid gland cancer,
10,43617416,T,C,M918T,DOID:1781 / thyroid gland cancer,
10,43617416,T,C,M918T,DOID:1781 / thyroid gland cancer,
10,43617416,T,C,M918T,DOID:1781 / thyroid gland cancer,
10,43617416,T,C,M918T,DOID:1781 / thyroid gland cancer,
10,89692904,C,T,R130*,DOID:1781 / thyroid gland cancer,
10,89711899,C,T,R173C,NA,
10,89711899,C,T,R173C,NA,
10,89711899,C,T,R173C,NA,
10,89717672,C,T,R233*,DOID:1612 / breast cancer,
10,89717672,C,T,R233*,DOID:1319 / brain cancer,
10,89720798,GTACT,G,V317FS,DOID:4159 / skin cancer,
10,104850483,G,A,S445F,DOID:2531 / hematologic cancer,
10,104850483,G,A,S445F,DOID:2531 / hematologic cancer,
10,104850483,G,A,S445F,DOID:2531 / hematologic cancer,
10,104850745,T,G,D407A,NA,
10,104850745,T,G,D407A,NA,
10,104852955,C,T,R367Q,NA,
10,104852955,C,T,R367Q,NA,
10,104852955,C,T,R367Q,DOID:2531 / hematologic cancer,
10,104852955,C,T,R367Q,DOID:2531 / hematologic cancer,
10,104852955,C,T,R367Q,DOID:2531 / hematologic cancer,
10,104852980,T,G,K359Q,NA,
10,104852980,T,G,K359Q,DOID:2531 / hematologic cancer,
10,104852980,T,G,K359Q,NA,
10,104857107,G,A,R238W,DOID:2531 / hematologic cancer,
10,104857107,G,A,R238W,DOID:2531 / hematologic cancer,
10,104857107,G,A,R238W,DOID:2531 / hematologic cancer,
10,123258034,A,T,N550K,DOID:363 / uterine cancer,
10,131265545,C,T,RS16906252,DOID:1319 / brain cancer,
11,534285,C,T,G13D,DOID:9256 / colorectal cancer,
11,534285,C,T,G13D,DOID:9256 / colorectal cancer,
11,534285,C,T,G13D,DOID:4159 / skin cancer,
11,9599943,A,G,RS3910384,DOID:1324 / lung cancer,
11,17741694,T,G,L122R,DOID:4045 / muscle cancer,
11,17741694,T,G,L122R,DOID:4045 / muscle cancer,
11,17741694,T,G,L122R,DOID:4045 / muscle cancer,
11,17741694,T,G,L122R,DOID:4045 / muscle cancer,
11,64572091,CC,C,FRAMESHIFT_TRUNCATION,DOID:1781 / thyroid gland cancer,
11,67352689,A,G,I105V,DOID:9256 / colorectal cancer,
11,108115729,A,T,K293*,DOID:2531 / hematologic cancer,
11,108121593,CAA,C,K468FS,DOID:2531 / hematologic cancer,
11,108142131,T,G,F1025L,DOID:2531 / hematologic cancer,
11,108170479,G,C,D1682H,DOID:2531 / hematologic cancer,
11,108180913,A,T,D1930V,DOID:2531 / hematologic cancer,
11,108186827,C,T,A2062V,DOID:2531 / hematologic cancer,
11,108192134,G,T,E2187*,DOID:2531 / hematologic cancer,
11,108196839,GTC,G,S2289*,DOID:10283 / prostate cancer,
11,108199938,T,C,L2427P,DOID:2531 / hematologic cancer,
11,108201096,G,A,C2488Y,DOID:2531 / hematologic cancer,
11,108204681,A,G,T2666A,DOID:2531 / hematologic cancer,
11,108206614,T,G,F2732V,DOID:2531 / hematologic cancer,
11,108218044,A,C,N2875H,DOID:10283 / prostate cancer,
11,108236086,C,T,R3008C,DOID:2531 / hematologic cancer,
12,21329738,A,G,N130D,NA,
12,21331549,T,C,RS4149056,NA,
12,25360224,A,C,RS61764370,DOID:2394 / ovarian cancer,
12,25360224,A,C,RS61764370,DOID:11934 / head and neck cancer,
12,25368454,C,T,R164Q,NA,
12,25378561,G,A,A146V,DOID:1324 / lung cancer,
12,25378561,G,A,A146V,DOID:9256 / colorectal cancer,
12,25378562,C,G,A146P,DOID:9256 / colorectal cancer,
12,25378562,C,T,A146T,DOID:9256 / colorectal cancer,
12,25378562,C,T,A146T,DOID:9256 / colorectal cancer,
12,25378562,C,T,A146T,DOID:9256 / colorectal cancer,
12,25380275,T,G,Q61H,NA,
12,25380275,T,G,Q61H,DOID:9256 / colorectal cancer,
12,25380275,T,G,Q61H,DOID:9256 / colorectal cancer,
12,25380276,T,A,Q61L,DOID:9256 / colorectal cancer,
12,25380276,T,C,Q61R,DOID:9256 / colorectal cancer,
12,25380277,G,T,Q61K,DOID:9256 / colorectal cancer,
12,25398255,G,A,Q22*,DOID:9253 / gastrointestinal stromal tumor,
12,25398280,GC,AA,G13V,DOID:9256 / colorectal cancer,
12,25398281,C,T,G13D,DOID:9256 / colorectal cancer,
12,25398281,C,T,G13D,DOID:9256 / colorectal cancer,
12,25398281,C,T,G13D,DOID:9256 / colorectal cancer,
12,25398281,C,T,G13D,DOID:9256 / colorectal cancer,
12,25398281,C,T,G13D,DOID:9256 / colorectal cancer,
12,25398281,C,T,G13D,DOID:9256 / colorectal cancer,
12,25398281,C,T,G13D,DOID:9256 / colorectal cancer,
12,25398281,C,T,G13D,DOID:9256 / colorectal cancer,
12,25398281,C,T,G13D,DOID:9256 / colorectal cancer,
12,25398281,C,T,G13D,DOID:9256 / colorectal cancer,
12,25398281,C,T,G13D,DOID:9256 / colorectal cancer,
12,25398281,C,T,G13D,DOID:9256 / colorectal cancer,
12,25398281,C,T,G13D,DOID:9256 / colorectal cancer,
12,25398281,C,T,G13D,DOID:1612 / breast cancer,
12,25398284,C,G,G12A,DOID:9256 / colorectal cancer,
12,25398284,C,G,G12A,DOID:1324 / lung cancer,
12,25398284,C,G,G12A,DOID:1324 / lung cancer,
12,25398284,C,G,G12A,DOID:2531 / hematologic cancer,
12,25398284,C,G,G12A,DOID:2531 / hematologic cancer,
12,25398284,C,G,G12A,DOID:2531 / hematologic cancer,
12,25398284,C,G,G12A,DOID:2531 / hematologic cancer,
12,25398284,C,G,G12A,DOID:9256 / colorectal cancer,
12,25398284,C,G,G12A,DOID:9256 / colorectal cancer,
12,25398284,C,A,G12V,DOID:9256 / colorectal cancer,
12,25398284,C,A,G12V,DOID:1324 / lung cancer,
12,25398284,C,A,G12V,DOID:9256 / colorectal cancer,
12,25398284,C,A,G12V,NA,
12,25398284,C,A,G12V,DOID:9256 / colorectal cancer,
12,25398284,C,A,G12V,DOID:1324 / lung cancer,
12,25398284,C,A,G12V,DOID:9256 / colorectal cancer,
12,25398284,C,A,G12V,DOID:9256 / colorectal cancer,
12,25398284,C,A,G12V,DOID:1324 / lung cancer,
12,25398284,C,A,G12V,DOID:9256 / colorectal cancer,
12,25398284,C,A,G12V,DOID:9256 / colorectal cancer,
12,25398284,C,A,G12V,DOID:1324 / lung cancer,
12,25398284,C,T,G12D,DOID:1324 / lung cancer,
12,25398284,C,T,G12D,DOID:1793 / pancreatic cancer,
12,25398284,C,T,G12D,DOID:2531 / hematologic cancer,
12,25398284,C,T,G12D,DOID:9256 / colorectal cancer,
12,25398284,C,T,G12D,DOID:4159 / skin cancer,
12,25398284,C,T,G12D,DOID:2394 / ovarian cancer,
12,25398284,C,T,G12D,DOID:9256 / colorectal cancer,
12,25398284,C,T,G12D,DOID:1324 / lung cancer,
12,25398284,C,T,G12D,DOID:2531 / hematologic cancer,
12,25398284,C,T,G12D,DOID:2531 / hematologic cancer,
12,25398284,C,T,G12D,DOID:2531 / hematologic cancer,
12,25398284,C,T,G12D,DOID:2531 / hematologic cancer,
12,25398284,C,T,G12D,DOID:9256 / colorectal cancer,
12,25398284,C,T,G12D,DOID:9256 / colorectal cancer,
12,25398284,C,T,G12D,DOID:9256 / colorectal cancer,
12,25398284,C,T,G12D,DOID:9256 / colorectal cancer,
12,25398284,C,T,G12D,DOID:9256 / colorectal cancer,
12,25398284,C,T,G12D,DOID:1793 / pancreatic cancer,
12,25398284,C,T,G12D,DOID:1324 / lung cancer,
12,25398284,C,T,G12D,DOID:9256 / colorectal cancer,
12,25398284,C,T,G12D,DOID:1793 / pancreatic cancer,
12,25398284,C,T,G12D,DOID:1793 / pancreatic cancer,
12,25398285,C,G,G12R,DOID:9256 / colorectal cancer,
12,25398285,C,G,G12R,DOID:9256 / colorectal cancer,
12,25398285,C,G,G12R,DOID:9256 / colorectal cancer,
12,25398285,C,G,G12R,DOID:9256 / colorectal cancer,
12,25398285,C,G,G12R,DOID:1793 / pancreatic cancer,
12,25398285,C,T,G12S,DOID:9256 / colorectal cancer,
12,25398285,C,T,G12S,DOID:9256 / colorectal cancer,
12,25398285,C,T,G12S,DOID:9256 / colorectal cancer,
12,25398285,C,T,G12S,DOID:1324 / lung cancer,
12,25398285,C,T,G12S,DOID:2531 / hematologic cancer,
12,25398285,C,T,G12S,DOID:2531 / hematologic cancer,
12,25398285,C,T,G12S,DOID:2531 / hematologic cancer,
12,25398285,C,T,G12S,DOID:2531 / hematologic cancer,
12,25398285,C,T,G12S,DOID:9256 / colorectal cancer,
12,25398285,C,A,G12C,DOID:1324 / lung cancer,
12,25398285,C,A,G12C,NA,
12,25398285,C,A,G12C,DOID:9256 / colorectal cancer,
12,25398285,C,A,G12C,DOID:9256 / colorectal cancer,
12,25398285,C,A,G12C,DOID:9256 / colorectal cancer,
12,25398285,C,A,G12C,DOID:9256 / colorectal cancer,
12,25398285,C,A,G12C,DOID:1324 / lung cancer,
12,25398285,C,A,G12C,DOID:2531 / hematologic cancer,
12,25398285,C,A,G12C,DOID:2531 / hematologic cancer,
12,25398285,C,A,G12C,DOID:2531 / hematologic cancer,
12,25398285,C,A,G12C,DOID:2531 / hematologic cancer,
12,25398285,C,A,G12C,DOID:9256 / colorectal cancer,
12,25398285,C,A,G12C,DOID:1324 / lung cancer,
12,25398285,C,A,G12C,DOID:1324 / lung cancer,
12,56478851,C,G,R103G,NA,
12,56478854,G,A,V104M,NA,
12,56481922,G,A,G284R,NA,
12,56491672,T,C,V855A,DOID:1324 / lung cancer,
12,58145431,G,A,R24C,DOID:4159 / skin cancer,
12,69202580,T,G,SNP309,DOID:11934 / head and neck cancer,
12,69234987,TA,T,RS34886328,DOID:5041 / esophageal cancer,
12,111884608,T,C,RS3184504,DOID:9256 / colorectal cancer,
13,28592641,T,A,D835V,DOID:2531 / hematologic cancer,
13,28592641,T,A,D835V,DOID:2531 / hematologic cancer,
13,28592641,T,A,D835V,DOID:2531 / hematologic cancer,
13,28592641,T,A,D835V,DOID:2531 / hematologic cancer,
13,28592641,T,A,D835V,DOID:2531 / hematologic cancer,
13,28592641,T,A,D835V,DOID:2531 / hematologic cancer,
13,28592641,T,A,D835V,DOID:2531 / hematologic cancer,
13,28592641,T,A,D835V,DOID:2531 / hematologic cancer,
13,28592642,C,A,D835,DOID:2531 / hematologic cancer,
13,28592642,C,A,D835,DOID:2531 / hematologic cancer,
13,28592642,C,A,D835,DOID:2531 / hematologic cancer,
13,28592642,C,A,D835,DOID:2531 / hematologic cancer,
13,28592642,C,A,D835,DOID:2531 / hematologic cancer,
13,28592642,C,G,D835H,DOID:2531 / hematologic cancer,
13,28592642,C,G,D835H,DOID:2531 / hematologic cancer,
13,28592642,C,A,TKD_MUTATION,DOID:2531 / hematologic cancer,
13,28592642,C,A,TKD_MUTATION,DOID:2531 / hematologic cancer,
13,28592642,C,A,TKD_MUTATION,DOID:2531 / hematologic cancer,
13,28592642,C,A,TKD_MUTATION,DOID:2531 / hematologic cancer,
13,28592642,C,A,TKD_MUTATION,DOID:2531 / hematologic cancer,
13,28592642,C,A,TKD_MUTATION,DOID:2531 / hematologic cancer,
13,28592642,C,A,TKD_MUTATION,DOID:2531 / hematologic cancer,
13,28624294,G,A,T227M,DOID:263 / kidney cancer,
13,32890599,T,G,M1R,DOID:2394 / ovarian cancer,
13,32890600,G,T,M1I,DOID:2394 / ovarian cancer,
13,32900287,G,A,V159M,DOID:2394 / ovarian cancer,
13,32900751,G,C,V211L,DOID:2394 / ovarian cancer,
13,32900751,G,A,V211I,DOID:2394 / ovarian cancer,
13,32921033,G,C,R2336P,DOID:2394 / ovarian cancer,
13,32968854,C,A,D3095E,DOID:1612 / breast cancer,
13,49033946,A,AA,M695FS*26,DOID:1612 / breast cancer,
13,103498198,A,G,RS751402,NA,
14,62213848,T,C,3'_UTR_Polymorphism,DOID:1793 / pancreatic cancer,
14,65453063,G,C,RS11623866,DOID:2394 / ovarian cancer,
14,95557630,C,G,E1813Q,NA,
14,95557630,C,G,E1813Q,NA,
14,95560476,C,T,E1705K,NA,
14,105243048,G,T,Q79K,DOID:4159 / skin cancer,
14,105243048,G,T,Q79K,DOID:4159 / skin cancer,
14,105243048,G,T,Q79K,DOID:4159 / skin cancer,
14,105246551,C,T,E17K,DOID:1612 / breast cancer,
14,105246551,C,T,E17K,DOID:4159 / skin cancer,
14,105246551,C,T,E17K,DOID:1612 / breast cancer,
14,105246551,C,T,E17K,NA,
14,105246551,C,T,E17K,DOID:4159 / skin cancer,
15,45003785,CTCTT,C,S14FS,DOID:4159 / skin cancer,
15,66727448,CCCAGAAGCAGAAGGT,C,Q56_V60del,DOID:2394 / ovarian cancer,
15,66727451,A,C,Q56P,DOID:4159 / skin cancer,
15,66727455,G,T,K57N,DOID:1324 / lung cancer,
15,66727455,G,T,K57N,DOID:1324 / lung cancer,
15,66729154,G,C,C121S,DOID:4159 / skin cancer,
15,66729162,C,T,P124S,DOID:4159 / skin cancer,
15,74315213,C,T,PML-RARA_A216V,DOID:2531 / hematologic cancer,
15,74315213,C,T,PML-RARA_A216V,DOID:2531 / hematologic cancer,
15,74315219,T,C,PML-RARA_L218P,DOID:2531 / hematologic cancer,
15,88476265,C,T,ETV6-NTRK3_G623R,NA,
15,90631838,C,T,R172K,DOID:2531 / hematologic cancer,
15,90631838,C,T,R172K,DOID:2531 / hematologic cancer,
15,90631838,C,T,R172K,DOID:2531 / hematologic cancer,
16,2130300,C,T,Q1178*,DOID:1781 / thyroid gland cancer,
16,69745145,G,A,P187S,DOID:1324 / lung cancer,
17,7577093,C,A,R282L,DOID:10534 / stomach cancer,
17,7577120,C,A,R273L,DOID:2394 / ovarian cancer,
17,7577120,C,T,R273H,DOID:1612 / breast cancer,
17,7577120,C,T,R273H,DOID:1612 / breast cancer,
17,7577120,C,T,R273H,NA,
17,7577120,C,T,R273H,DOID:2531 / hematologic cancer,
17,7577120,C,T,R273H,DOID:184 / bone cancer,
17,7577121,G,A,R273C,DOID:1612 / breast cancer,
17,7577121,G,A,R273C,DOID:1612 / breast cancer,
17,7577121,G,A,R273C,DOID:10534 / stomach cancer,
17,7577121,G,A,R273C,NA,
17,7577535,C,G,R249,DOID:1612 / breast cancer,
17,7577535,C,G,R249,DOID:1612 / breast cancer,
17,7577538,C,T,R248Q,DOID:1612 / breast cancer,
17,7577538,C,T,R248Q,DOID:1612 / breast cancer,
17,7577538,C,T,R248Q,NA,
17,7577538,C,T,R248Q,DOID:2531 / hematologic cancer,
17,7577538,C,T,R248Q,DOID:2531 / hematologic cancer,
17,7577538,C,T,R248Q,DOID:2531 / hematologic cancer,
17,7577539,G,A,R248W,DOID:1612 / breast cancer,
17,7577539,G,A,R248W,NA,
17,7577548,C,T,G245S,NA,
17,7577568,C,T,C238Y,NA,
17,7577568,C,T,C238Y,DOID:1612 / breast cancer,
17,7577570,C,A,M237I,DOID:1319 / brain cancer,
17,7577570,C,A,M237I,DOID:2531 / hematologic cancer,
17,7577580,T,C,Y234C,DOID:2394 / ovarian cancer,
17,7578190,T,C,Y220C,NA,
17,7578190,T,C,Y220C,DOID:10534 / stomach cancer,
17,7578190,T,C,Y220C,DOID:2531 / hematologic cancer,
17,7578211,C,G,R213P,DOID:10534 / stomach cancer,
17,7578406,C,T,R175H,DOID:10534 / stomach cancer,
17,7578406,C,T,R175H,NA,
17,7578406,C,T,R175H,DOID:1612 / breast cancer,
17,7578406,C,T,R175H,DOID:1612 / breast cancer,
17,7578449,C,T,A161T,,
17,7578457,C,A,R158L,NA,
17,7578457,C,T,R158H,NA,
17,7578461,C,A,V157F,NA,
17,7579472,G,C,P72R,DOID:1324 / lung cancer,
17,7579472,G,C,P72R,DOID:4362 / cervical cancer,
17,7579472,G,C,P72R,DOID:1612 / breast cancer,
17,7579548,G,A,P47S,NA,
17,17119708,T,TG,c.1285dupC,DOID:263 / kidney cancer,
17,33433425,G,A,R186*,DOID:1612 / breast cancer,
17,37868205,G,C,G309A,DOID:1612 / breast cancer,
17,37879658,G,A,R678Q,DOID:1612 / breast cancer,
17,37880218,GTTGAGGGAAAACACA,G,L755_T759del,DOID:1612 / breast cancer,
17,37880220,T,C,L755S,DOID:1612 / breast cancer,
17,37880220,T,C,L755S,DOID:1612 / breast cancer,
17,37880220,T,C,L755S,DOID:9256 / colorectal cancer,
17,37880220,T,C,L755S,DOID:9256 / colorectal cancer,
17,37880220,T,G,L755W,DOID:1612 / breast cancer,
17,37880261,G,C,D769H,DOID:1612 / breast cancer,
17,37880261,G,T,D769Y,DOID:1612 / breast cancer,
17,37880989,T,C,V773A,DOID:1612 / breast cancer,
17,37880991,AA,ATGGCTGG,M774DELINSWLV,DOID:1324 / lung cancer,
17,37880996,T,TTACGTGATGGCT,Y772_A775DUP,DOID:1324 / lung cancer,
17,37880996,T,TTACGTGATGGCT,Y772_A775DUP,DOID:1324 / lung cancer,
17,37880996,T,TTACGTGATGGCT,Y772_A775DUP,DOID:1324 / lung cancer,
17,37880996,T,TTACGTGATGGCT,Y772_A775DUP,DOID:1324 / lung cancer,
17,37880996,T,TTACGTGATGGCT,Y772_A775DUP,DOID:1324 / lung cancer,
17,37880996,T,TTACGTGATGGCT,Y772_A775DUP,DOID:1324 / lung cancer,
17,37880997,GG,CT,G776L,DOID:1324 / lung cancer,
17,37881000,G,T,V777L,DOID:1612 / breast cancer,
17,37881000,G,T,V777L,DOID:9256 / colorectal cancer,
17,37881011,A,AGGCTCCCCA,G778_P780DUP,DOID:1324 / lung cancer,
17,37881011,A,AGGCTCCCCA,G778_P780DUP,DOID:1324 / lung cancer,
17,37881011,A,AGGCTCCCCA,P780INS,DOID:1612 / breast cancer,
17,37881011,A,AGGCTCCCCA,P780INS,DOID:1324 / lung cancer,
17,37881064,C,T,T798I,DOID:1612 / breast cancer,
17,37881332,G,A,V842I,DOID:9256 / colorectal cancer,
17,37881332,G,A,V842I,DOID:1612 / breast cancer,
17,37881378,A,G,N857S,DOID:1612 / breast cancer,
17,37881392,A,G,T862A,DOID:10534 / stomach cancer,
17,37881404,C,A,L866M,DOID:9256 / colorectal cancer,
17,37881440,C,T,H878Y,DOID:3571 / liver cancer,
17,37881616,C,T,R896C,DOID:1612 / breast cancer,
17,41199682,C,T,W1815X,NA,
17,41228590,G,A,Q1467*,DOID:2394 / ovarian cancer,
17,41244645,G,GGA,P968FS,DOID:2394 / ovarian cancer,
17,41244645,G,GGA,P968FS,DOID:1612 / breast cancer,
17,46805705,C,T,G84E,DOID:10283 / prostate cancer,
17,46805705,C,T,G84E,DOID:10283 / prostate cancer,
18,42531913,G,A,G870S,DOID:2531 / hematologic cancer,
18,60985590,A,T,F104I,DOID:2531 / hematologic cancer,
18,60985590,A,T,F104I,DOID:2531 / hematologic cancer,
18,60985598,C,A,G101V,DOID:2531 / hematologic cancer,
19,1220489,C,A,D194E,DOID:1793 / pancreatic cancer,
19,7975157,G,A,E116K,DOID:1324 / lung cancer,
19,44055726,T,C,Q399R,DOID:1324 / lung cancer,
19,44055726,T,C,Q399R,DOID:4362 / cervical cancer,
19,44057574,G,A,R194W,DOID:1324 / lung cancer,
19,45854919,T,G,K751Q,DOID:184 / bone cancer,
19,45854919,T,G,K751Q,DOID:1324 / lung cancer,
19,49377242,G,C,RS557806,DOID:9256 / colorectal cancer,
20,57428713,T,C,c.393T>C,DOID:11054 / urinary bladder cancer,
20,57428713,T,C,c.393T>C,DOID:5041 / esophageal cancer,
20,57428713,T,C,c.393T>C,DOID:4159 / skin cancer,
20,57428713,T,C,c.393T>C,DOID:263 / kidney cancer,
20,57428713,T,C,c.393T>C,DOID:2531 / hematologic cancer,
20,57428713,T,C,c.393T>C,DOID:9256 / colorectal cancer,
20,57428713,T,C,c.393T>C,DOID:1324 / lung cancer,
20,57428713,T,C,c.393T>C,DOID:1612 / breast cancer,
20,57428713,T,C,c.393T>C,DOID:4606 / bile duct cancer,
20,57484420,C,T,R201C,DOID:9256 / colorectal cancer,
21,36171704,G,T,Y260*,DOID:2531 / hematologic cancer,
21,36231792,C,A,D198Y,DOID:2531 / hematologic cancer,
21,36252912,GGCTGCGGT,G,T148HFSX9,DOID:2531 / hematologic cancer,
21,36252962,C,G,A107P,DOID:2531 / hematologic cancer,
21,36259163,T,C,K83E,DOID:2531 / hematologic cancer,
21,40191638,A,G,RS461155,DOID:1324 / lung cancer,
21,44514777,T,G,Q157P/R,DOID:2531 / hematologic cancer,
21,44514777,T,G,Q157P/R,DOID:2531 / hematologic cancer,
21,44514777,T,G,Q157P/R,DOID:2531 / hematologic cancer,
21,44514777,T,G,Q157P/R,DOID:2531 / hematologic cancer,
21,44524456,G,A,S34Y/F,DOID:2531 / hematologic cancer,
21,44524456,G,A,S34Y/F,DOID:2531 / hematologic cancer,
21,44524456,G,A,S34Y/F,DOID:2531 / hematologic cancer,
22,22127164,C,T,E322K,DOID:11934 / head and neck cancer,
22,29091856,AG,A,1100DELC,DOID:10283 / prostate cancer,
22,29121087,A,G,I157T,DOID:10283 / prostate cancer,
22,30050673,AA,A,K159fs,DOID:1612 / breast cancer,
22,30051593,T,TT,Y177fs,DOID:1725 / peritoneum cancer,
X,47426121,C,G,S214C,DOID:1324 / lung cancer,
X,47426121,C,G,S214C,DOID:1324 / lung cancer,
X,47426121,C,G,S214C,DOID:1324 / lung cancer,
X,47429340,T,A,S490T,DOID:9256 / colorectal cancer,
X,66943549,T,C,F877L,DOID:10283 / prostate cancer,
X,100611165,A,T,C481S,DOID:2531 / hematologic cancer,
X,100611165,A,T,C481S,DOID:2531 / hematologic cancer,
X,100613633,T,C,T316A,DOID:2531 / hematologic cancer,
